Country,Code,Year,avg_years_of_schooling,Both sexes,Male,Female,Continent,suicides_per_100k,gdp
Albania,ALB,2000,8.8,106,133,76,Europe,30.7,"3,632,043,908"
Chile,CHL,2000,8.8,103,137,69,South America,149.18,"77,860,932,152"
Netherlands,NLD,2000,10.8,83,99,67,Europe,118.99,"412,807,259,996"
New Zealand,NZL,2000,11.6,86,105,67,Oceania,157.54,"52,622,842,840"
Canada,CAN,2000,11.0,81,100,61,North America,139.0,"742,293,448,253"
Norway,NOR,2000,12.0,84,106,61,Europe,150.32999999999998,"171,315,639,983"
Bulgaria,BGR,2000,9.5,163,225,99,Europe,259.21999999999997,"13,153,016,531"
Panama,PAN,2000,8.5,120,152,86,North America,85.58,"12,304,115,000"
Paraguay,PRY,2000,5.9,171,195,147,South America,42.78,"8,195,993,231"
Brazil,BRA,2000,5.6,184,244,122,South America,68.23,"655,420,645,477"
Philippines,PHL,2000,7.6,213,266,157,Asia,32.21,"81,026,300,311"
Poland,POL,2000,11.1,152,217,86,Europe,191.01000000000002,"171,885,598,583"
Portugal,PRT,2000,6.8,110,154,66,Europe,85.88,"118,358,489,958"
Belize,BLZ,2000,10.1,198,245,149,North America,160.8,"832,072,450"
Mexico,MEX,2000,6.7,138,175,102,North America,54.89,"707,906,744,575"
Romania,ROU,2000,9.9,175,240,108,Europe,159.19,"37,438,527,800"
Saint Lucia,LCA,2000,7.0,186,225,147,North America,197.86,"784,159,229"
Serbia,SRB,2000,9.4,141,185,95,Europe,324.16,"6,540,247,190"
Belarus,BLR,2000,8.9,247,361,128,Europe,447.3,"12,736,856,828"
Barbados,BRB,2000,9.0,128,159,100,North America,37.13,"3,121,500,000"
Singapore,SGP,2000,8.9,79,100,58,Asia,164.34,"95,833,932,715"
Slovakia,SVK,2000,10.3,147,214,79,Europe,180.07999999999998,"29,114,875,622"
Bahrain,BHR,2000,8.3,101,112,81,Asia,32.730000000000004,"9,062,906,915"
Slovenia,SVN,2000,11.6,122,167,74,Europe,404.12,"20,342,201,356"
Bahamas,BHS,2000,10.9,202,255,150,North America,40.66,"8,076,470,000"
South Africa,ZAF,2000,8.8,362,414,311,Africa,9.54,"136,361,854,808"
Azerbaijan,AZE,2000,10.6,161,217,107,Asia,14.41,"5,272,617,196"
Spain,ESP,2000,8.4,84,120,48,Europe,122.21000000000001,"595,402,616,547"
Sri Lanka,LKA,2000,10.0,171,238,99,Asia,427.29,"16,330,814,180"
Belgium,BEL,2000,10.0,99,130,68,Europe,267.8,"237,904,919,845"
Austria,AUT,2000,9.0,94,124,62,Europe,289.77,"196,799,778,883"
Colombia,COL,2000,6.5,171,237,104,South America,89.78,"99,886,577,331"
Malta,MLT,2000,8.1,70,88,51,Europe,78.05,"4,306,192,436"
Germany,DEU,2000,11.2,95,125,64,Europe,185.55,"1,949,953,934,034"
France,FRA,2000,9.8,99,135,61,Europe,257.23,"1,362,248,940,483"
Greece,GRC,2000,8.6,82,115,48,Europe,44.86,"130,133,845,771"
Finland,FIN,2000,9.3,104,143,63,Europe,265.65,"125,539,893,127"
Guatemala,GTM,2000,3.7,220,282,161,North America,27.419999999999998,"19,288,827,159"
Hungary,HUN,2000,10.2,193,271,114,Europe,464.56,"47,310,623,887"
Estonia,EST,2000,11.7,216,312,120,Europe,364.64,"5,685,774,809"
Iceland,ISL,2000,9.4,76,95,57,Europe,207.99,"8,927,140,438"
Ireland,IRL,2000,10.8,93,117,68,Europe,142.36,"99,853,528,653"
El Salvador,SLV,2000,5.2,218,305,135,North America,110.55,"11,784,927,700"
Israel,ISR,2000,12.0,80,105,56,Asia,108.56,"132,339,311,284"
Italy,ITA,2000,8.6,75,100,50,Europe,99.22,"1,141,759,996,315"
Ecuador,ECU,2000,7.0,160,201,117,South America,57.17,"18,327,764,882"
Mauritius,MUS,2000,6.2,172,221,121,Africa,140.82,"4,582,555,125"
Jamaica,JAM,2000,7.3,173,216,129,North America,1.16,"8,985,352,832"
Denmark,DNK,2000,10.7,100,121,77,Europe,181.07,"164,158,800,460"
Kazakhstan,KAZ,2000,10.5,287,406,167,Asia,426.05,"18,291,990,619"
Kiribati,KIR,2000,6.8,222,261,184,Oceania,0.0,"67,254,174"
Kuwait,KWT,2000,6.2,94,106,71,Asia,15.23,"37,711,864,407"
Cyprus,CYP,2000,10.0,80,102,56,Asia,8.36,"10,183,317,625"
Kyrgyzstan,KGZ,2000,9.8,228,306,144,Asia,182.63,"1,369,693,171"
Cuba,CUB,2000,9.6,121,144,97,North America,272.77,"30,565,400,000"
Latvia,LVA,2000,9.5,217,320,116,Europe,453.2,"7,937,758,980"
Lithuania,LTU,2000,10.7,200,297,105,Europe,571.8000000000001,"11,539,211,480"
Croatia,HRV,2000,9.4,133,188,77,Europe,322.75,"21,774,273,832"
Luxembourg,LUX,2000,10.3,90,113,65,Europe,222.64,"21,263,514,833"
Maldives,MDV,2000,3.0,142,155,129,Asia,0.0,"624,337,145"
Costa Rica,CRI,2000,8.0,100,129,70,North America,88.29,"14,949,514,585"
Japan,JPN,2000,10.7,72,96,47,Asia,278.52,"4,887,519,660,745"
Sweden,SWE,2000,11.4,72,87,56,Europe,162.5,"259,802,012,617"
Georgia,GEO,2000,11.7,129,191,71,Asia,46.64,"3,057,453,483"
Antigua and Barbuda,ATG,2000,7.0,157,183,132,North America,39.97,"830,158,778"
Australia,AUS,2000,11.9,77,97,56,Oceania,157.82,"415,034,227,218"
Argentina,ARG,2000,9.1,139,183,94,South America,131.39,"284,203,750,000"
Thailand,THA,2000,6.1,204,265,139,Asia,106.1,"126,392,308,498"
Trinidad and Tobago,TTO,2000,9.2,202,248,153,North America,198.32,"8,154,338,233"
Armenia,ARM,2000,10.8,143,204,91,Asia,34.300000000000004,"1,911,563,665"
Switzerland,CHE,2000,11.4,78,100,54,Europe,266.2,"272,055,499,941"
Uruguay,URY,2000,8.0,134,180,89,South America,274.27,"22,823,255,802"
Uzbekistan,UZB,2000,9.1,183,230,135,Asia,120.31,"13,760,374,488"
Ukraine,UKR,2000,10.7,258,374,137,Europe,377.19,"31,261,527,363"
Saint Lucia,LCA,2001,7.1,181,221,142,North America,59.08,"743,808,076"
Croatia,HRV,2001,9.8,129,183,73,Europe,287.54,"23,289,671,102"
Lithuania,LTU,2001,10.9,214,317,111,Europe,568.98,"12,252,498,921"
Latvia,LVA,2001,10.0,229,335,123,Europe,383.49,"8,350,252,966"
Cuba,CUB,2001,9.7,119,141,97,North America,244.51,"31,682,400,000"
Sweden,SWE,2001,11.5,72,88,55,Europe,167.49,"239,917,320,967"
Belgium,BEL,2001,10.2,98,128,68,Europe,261.21999999999997,"237,841,968,680"
Serbia,SRB,2001,9.6,134,176,92,Europe,297.0,"12,267,175,481"
Kyrgyzstan,KGZ,2001,9.9,219,298,137,Asia,193.29999999999998,"1,525,112,242"
Seychelles,SYC,2001,7.5,187,256,105,Africa,87.57,"622,262,057"
Kuwait,KWT,2001,6.2,92,105,70,Asia,9.13,"34,890,772,742"
Kiribati,KIR,2001,6.9,219,258,182,Oceania,0.0,"63,101,272"
Kazakhstan,KAZ,2001,10.7,283,398,166,Asia,422.49,"22,152,694,162"
Barbados,BRB,2001,9.0,127,157,99,North America,8.65,"3,116,650,000"
Denmark,DNK,2001,11.4,100,120,78,Europe,186.17,"164,791,416,350"
Belarus,BLR,2001,9.0,255,372,131,Europe,419.65,"12,354,820,144"
Argentina,ARG,2001,9.1,138,181,94,South America,143.56,"268,696,750,000"
Maldives,MDV,2001,3.1,135,151,119,Asia,110.49,"870,179,739"
Singapore,SGP,2001,9.2,77,97,56,Asia,167.8,"89,286,208,629"
Trinidad and Tobago,TTO,2001,9.3,204,253,153,North America,205.33,"8,824,873,259"
Bulgaria,BGR,2001,9.9,159,223,95,Europe,244.62,"14,075,616,789"
Paraguay,PRY,2001,6.2,169,191,146,South America,56.52,"7,662,595,076"
Norway,NOR,2001,12.1,81,101,60,Europe,154.29,"174,003,247,439"
Georgia,GEO,2001,11.8,125,185,69,Asia,35.19,"3,219,487,747"
Canada,CAN,2001,11.2,79,99,59,North America,137.43,"736,379,777,893"
Brazil,BRA,2001,5.8,180,240,119,South America,73.49,"559,372,276,082"
Armenia,ARM,2001,10.7,143,202,92,Asia,29.78,"2,118,467,913"
Philippines,PHL,2001,7.7,215,269,159,Asia,27.08,"76,262,072,468"
New Zealand,NZL,2001,11.6,83,101,64,Oceania,179.9,"53,872,425,917"
Netherlands,NLD,2001,11.0,82,97,66,Europe,116.3,"426,573,601,790"
Poland,POL,2001,11.1,147,210,83,Europe,180.65,"190,521,263,343"
Chile,CHL,2001,9.0,106,140,71,South America,147.58,"70,979,923,960"
Mexico,MEX,2001,6.8,135,170,101,North America,63.3,"756,706,300,590"
Portugal,PRT,2001,6.9,109,153,65,Europe,115.73,"121,545,880,984"
Ukraine,UKR,2001,10.4,254,368,136,Europe,348.14,"38,009,344,577"
Colombia,COL,2001,6.5,170,235,103,South America,88.27,"98,203,546,156"
Belize,BLZ,2001,10.1,203,252,152,North America,151.7,"871,860,600"
Mauritius,MUS,2001,6.4,172,223,119,Africa,121.83999999999999,"4,536,538,211"
Qatar,QAT,2001,8.0,73,77,65,Asia,27.3,"17,538,461,538"
Malta,MLT,2001,8.2,69,86,52,Europe,85.28999999999999,"4,331,870,648"
Costa Rica,CRI,2001,8.0,101,129,73,North America,76.03,"15,913,363,335"
Romania,ROU,2001,9.7,179,246,109,Europe,149.10999999999999,"40,716,836,998"
Luxembourg,LUX,2001,10.5,90,114,65,Europe,239.82,"21,272,418,792"
Japan,JPN,2001,10.8,70,94,46,Asia,267.16,"4,303,544,259,843"
Uruguay,URY,2001,8.0,127,168,87,South America,236.12,"20,898,788,417"
Jamaica,JAM,2001,7.5,175,217,130,North America,2.8,"9,178,016,493"
Bahamas,BHS,2001,10.9,204,257,152,North America,2.68,"8,317,830,000"
Australia,AUS,2001,11.9,74,93,53,Oceania,158.79,"378,215,090,694"
Iceland,ISL,2001,9.6,73,90,56,Europe,163.06,"8,136,345,144"
Estonia,EST,2001,11.8,224,325,121,Europe,371.68,"6,245,069,734"
South Africa,ZAF,2001,7.5,387,436,340,Africa,12.43,"121,600,818,310"
Hungary,HUN,2001,10.3,185,260,111,Europe,408.98,"53,821,315,066"
Guyana,GUY,2001,7.8,273,315,229,South America,380.76,"696,281,472"
Fiji,FJI,2001,9.5,221,265,174,Oceania,54.95,"1,660,102,346"
Spain,ESP,2001,8.5,83,117,48,Europe,112.4,"625,975,838,926"
Guatemala,GTM,2001,3.8,214,283,149,North America,30.59,"18,702,802,395"
Finland,FIN,2001,9.4,99,137,59,Europe,267.19,"129,250,111,857"
Greece,GRC,2001,8.8,81,114,47,Europe,38.81,"136,191,353,468"
Austria,AUT,2001,9.2,90,119,59,Europe,261.91,"197,337,879,195"
Sri Lanka,LKA,2001,10.2,158,222,93,Asia,358.06,"15,749,753,805"
France,FRA,2001,10.0,99,136,61,Europe,239.94,"1,376,465,324,385"
Germany,DEU,2001,11.7,92,120,62,Europe,185.78,"1,950,648,769,575"
Albania,ALB,2001,8.7,100,125,73,Europe,50.620000000000005,"4,060,758,804"
Uzbekistan,UZB,2001,9.2,177,223,130,Asia,115.92,"11,401,351,420"
Ireland,IRL,2001,11.0,88,110,64,Europe,148.97,"109,133,512,304"
Azerbaijan,AZE,2001,10.6,149,199,102,Asia,60.05,"5,707,720,391"
Panama,PAN,2001,8.6,120,153,86,North America,86.77,"12,502,013,400"
El Salvador,SLV,2001,5.3,222,311,138,North America,129.71,"12,282,533,600"
Italy,ITA,2001,8.7,73,98,49,Europe,95.87,"1,162,317,852,349"
Bahrain,BHR,2001,8.4,98,109,81,Asia,30.66,"8,976,207,713"
Ecuador,ECU,2001,7.0,154,192,115,South America,67.24,"24,468,324,000"
Slovakia,SVK,2001,10.1,145,208,81,Europe,171.88,"30,703,017,450"
Switzerland,CHE,2001,11.6,75,96,52,Europe,261.69,"278,631,271,391"
Israel,ISR,2001,12.1,79,103,56,Asia,108.23,"130,706,147,871"
Antigua and Barbuda,ATG,2001,8.9,154,179,131,North America,19.45,"800,740,259"
Slovenia,SVN,2001,11.5,123,170,73,Europe,423.4,"20,875,387,068"
Trinidad and Tobago,TTO,2002,9.4,195,242,145,North America,159.01,"9,008,273,721"
Antigua and Barbuda,ATG,2002,9.0,149,171,128,North America,0.0,"814,615,333"
Japan,JPN,2002,10.9,68,92,44,Asia,265.84,"4,115,116,279,070"
Guatemala,GTM,2002,3.8,206,268,147,North America,40.53,"20,776,669,467"
Ecuador,ECU,2002,7.1,153,193,111,South America,61.42,"28,548,945,000"
Kazakhstan,KAZ,2002,11.0,276,391,160,Asia,405.89,"24,636,593,223"
Bulgaria,BGR,2002,10.0,156,218,94,Europe,247.35,"16,276,456,428"
Finland,FIN,2002,9.5,97,132,60,Europe,255.51999999999998,"139,552,983,249"
Netherlands,NLD,2002,11.1,81,94,67,Europe,119.73,"465,368,906,456"
Grenada,GRD,2002,7.4,175,223,127,North America,0.0,"540,336,926"
Greece,GRC,2002,9.1,79,109,48,Europe,38.35,"153,830,947,017"
Germany,DEU,2002,12.1,91,119,61,Europe,183.96,"2,079,136,081,310"
Canada,CAN,2002,11.5,78,96,59,North America,137.73,"757,950,678,647"
Chile,CHL,2002,9.2,100,133,67,South America,149.28,"69,736,811,435"
Albania,ALB,2002,9.0,102,126,77,Europe,62.51,"4,435,078,648"
Norway,NOR,2002,12.1,80,100,59,Europe,141.0,"195,418,347,153"
New Zealand,NZL,2002,11.6,82,100,64,Oceania,152.03,"66,627,729,311"
Denmark,DNK,2002,12.1,101,123,78,Europe,176.51,"178,635,160,297"
France,FRA,2002,10.1,98,134,61,Europe,238.64000000000001,"1,494,286,655,374"
Mexico,MEX,2002,7.0,136,170,101,North America,58.36,"772,106,378,935"
El Salvador,SLV,2002,5.5,213,301,131,North America,113.19,"12,664,190,300"
Uruguay,URY,2002,8.0,129,171,88,South America,331.69,"13,606,494,599"
Latvia,LVA,2002,10.6,221,327,116,Europe,367.76,"9,546,441,564"
Ireland,IRL,2002,11.2,86,111,59,Europe,135.82,"127,945,379,258"
Lithuania,LTU,2002,11.1,207,308,105,Europe,555.62,"14,278,357,284"
Croatia,HRV,2002,9.8,124,176,71,Europe,304.12,"26,878,499,206"
Cuba,CUB,2002,9.5,112,133,90,North America,240.42000000000002,"33,590,500,000"
Iceland,ISL,2002,9.7,66,78,54,Europe,131.24,"9,207,689,916"
Kyrgyzstan,KGZ,2002,10.0,217,294,136,Asia,173.11,"1,605,640,633"
Israel,ISR,2002,12.1,81,105,57,Asia,93.49,"121,069,378,150"
Uzbekistan,UZB,2002,9.4,176,220,132,Asia,95.28,"9,687,951,055"
Luxembourg,LUX,2002,10.7,87,114,57,Europe,264.14,"23,616,328,816"
Fiji,FJI,2002,9.4,220,265,173,Oceania,110.54,"1,842,691,481"
Argentina,ARG,2002,9.2,137,182,92,South America,139.42000000000002,"97,724,004,252"
Costa Rica,CRI,2002,8.0,100,128,70,North America,95.62,"16,504,795,453"
Jamaica,JAM,2002,7.7,171,211,130,North America,0.7,"9,694,169,757"
Estonia,EST,2002,11.9,210,310,109,Europe,358.3,"7,322,069,511"
Kuwait,KWT,2002,6.1,91,104,69,Asia,14.56,"38,137,545,245"
Malta,MLT,2002,8.3,68,86,49,Europe,55.28,"4,689,832,690"
Hungary,HUN,2002,10.3,184,258,110,Europe,382.75,"67,716,887,203"
Mauritius,MUS,2002,6.6,173,233,111,Africa,131.9,"4,767,303,154"
Colombia,COL,2002,6.5,169,234,101,South America,81.38,"97,933,391,976"
Guyana,GUY,2002,7.8,280,326,232,South America,311.93,"722,460,886"
Italy,ITA,2002,8.8,71,93,48,Europe,94.61,"1,266,510,634,293"
Maldives,MDV,2002,3.2,128,144,112,Asia,9.84,"897,031,250"
Sweden,SWE,2002,11.6,70,85,54,Europe,162.71,"263,926,220,333"
Ukraine,UKR,2002,10.5,257,372,138,Europe,344.05,"42,392,896,031"
Belgium,BEL,2002,10.3,97,126,67,Europe,247.85999999999999,"258,860,436,665"
Belize,BLZ,2002,10.2,200,248,148,North America,69.62,"932,551,850"
Panama,PAN,2002,8.7,120,153,85,North America,78.94,"12,994,310,400"
Australia,AUS,2002,11.8,72,90,53,Oceania,144.68,"394,486,709,920"
Azerbaijan,AZE,2002,10.6,144,190,98,Asia,19.419999999999998,"6,235,795,104"
Armenia,ARM,2002,10.8,137,197,84,Asia,38.07,"2,376,335,048"
Poland,POL,2002,11.4,143,204,80,Europe,183.27,"198,680,637,255"
Bahamas,BHS,2002,10.9,206,258,154,North America,9.969999999999999,"8,881,160,000"
Barbados,BRB,2002,9.1,126,157,97,North America,0.0,"3,169,600,000"
Portugal,PRT,2002,7.0,107,150,64,Europe,171.82999999999998,"134,228,697,534"
Slovenia,SVN,2002,11.5,117,162,68,Europe,354.3,"23,563,576,758"
Thailand,THA,2002,6.5,197,254,139,Asia,103.12,"134,300,851,255"
Switzerland,CHE,2002,11.7,73,93,53,Europe,273.7,"301,416,810,214"
Bahrain,BHR,2002,8.4,99,113,76,Asia,27.68,"9,632,155,053"
Singapore,SGP,2002,9.5,76,97,55,Asia,172.39,"91,941,192,896"
Slovakia,SVK,2002,10.3,144,209,78,Europe,191.77,"35,083,608,131"
Philippines,PHL,2002,7.9,216,271,158,Asia,28.54,"81,357,605,642"
Seychelles,SYC,2002,7.6,185,255,104,Africa,154.12,"697,518,248"
South Africa,ZAF,2002,8.5,412,458,369,Africa,6.9799999999999995,"115,748,110,113"
Brazil,BRA,2002,6.0,176,235,116,South America,69.77,"507,962,487,700"
Saint Lucia,LCA,2002,7.2,176,217,136,North America,187.51999999999998,"748,346,606"
Spain,ESP,2002,8.5,82,116,47,Europe,115.64,"705,145,868,624"
Romania,ROU,2002,9.6,178,245,109,Europe,173.6,"46,174,557,556"
Serbia,SRB,2002,9.7,131,173,88,Europe,295.91,"16,116,843,146"
Sri Lanka,LKA,2002,10.2,150,210,87,Asia,339.41,"16,536,535,647"
Belarus,BLR,2002,9.1,264,383,137,Europe,411.0,"14,594,249,023"
Paraguay,PRY,2002,6.5,167,188,146,South America,43.45,"6,325,151,760"
Austria,AUT,2002,9.4,87,117,57,Europe,276.92,"213,377,771,504"
Jamaica,JAM,2003,7.8,170,208,130,North America,0.9099999999999999,"9,399,447,609"
Saint Lucia,LCA,2003,7.3,169,206,134,North America,133.26,"823,837,141"
Croatia,HRV,2003,9.8,121,171,70,Europe,281.69,"34,658,113,497"
Lithuania,LTU,2003,11.3,207,307,108,Europe,530.52,"18,802,576,988"
Latvia,LVA,2003,11.2,212,308,119,Europe,361.63,"11,748,433,157"
Denmark,DNK,2003,12.8,98,121,74,Europe,156.7,"218,095,997,085"
Belarus,BLR,2003,9.1,254,372,130,Europe,444.86,"17,827,791,321"
Japan,JPN,2003,11.0,68,92,44,Asia,279.40999999999997,"4,445,658,071,222"
Kuwait,KWT,2003,6.1,90,103,68,Asia,16.44,"47,875,838,926"
Barbados,BRB,2003,9.1,123,153,95,North America,0.0,"3,274,850,000"
Kazakhstan,KAZ,2003,11.2,283,400,164,Asia,411.71,"30,833,699,703"
Cuba,CUB,2003,9.8,112,132,91,North America,221.12,"35,901,200,000"
Kyrgyzstan,KGZ,2003,10.0,217,292,140,Asia,137.86,"1,919,012,781"
Uruguay,URY,2003,8.0,125,165,87,South America,259.25,"12,045,631,093"
Serbia,SRB,2003,9.9,131,172,88,Europe,271.27,"21,188,704,081"
Seychelles,SYC,2003,7.6,185,254,103,Africa,100.0,"705,704,816"
Switzerland,CHE,2003,11.8,71,92,51,Europe,242.66,"352,914,820,747"
Singapore,SGP,2003,9.8,73,94,52,Asia,172.74,"97,001,377,569"
Panama,PAN,2003,8.8,120,154,85,North America,97.24,"13,693,981,200"
Italy,ITA,2003,8.9,70,93,48,Europe,94.42,"1,569,649,661,400"
Sweden,SWE,2003,11.8,68,83,53,Europe,153.41,"331,108,912,605"
Germany,DEU,2003,12.5,89,117,60,Europe,181.24,"2,505,733,634,312"
France,FRA,2003,10.2,97,132,60,Europe,241.31,"1,840,480,812,641"
Sri Lanka,LKA,2003,10.2,147,207,85,Asia,352.75,"18,881,765,437"
Albania,ALB,2003,9.0,107,129,82,Europe,58.6,"5,746,945,913"
Austria,AUT,2003,9.6,86,113,58,Europe,257.06,"261,695,778,781"
Greece,GRC,2003,9.3,80,111,47,Europe,40.67,"201,924,270,316"
Grenada,GRD,2003,7.6,175,223,126,North America,69.18,"591,018,407"
Finland,FIN,2003,9.6,97,134,57,Europe,243.45000000000002,"171,071,106,095"
Spain,ESP,2003,8.6,82,115,48,Europe,116.49,"906,853,273,138"
Guatemala,GTM,2003,3.7,209,276,146,North America,37.34,"21,917,706,491"
Fiji,FJI,2003,9.3,220,265,171,Oceania,16.12,"2,315,935,753"
Australia,AUS,2003,11.8,69,88,50,Oceania,133.84,"466,294,700,058"
Guyana,GUY,2003,7.8,277,323,228,South America,382.54,"741,929,343"
South Africa,ZAF,2003,8.8,437,478,398,Africa,9.24,"175,256,916,996"
Hungary,HUN,2003,10.5,184,257,111,Europe,372.04,"85,324,771,841"
Estonia,EST,2003,11.9,197,289,105,Europe,338.24,"9,833,870,709"
Uzbekistan,UZB,2003,9.5,173,217,129,Asia,82.06,"10,128,112,401"
Azerbaijan,AZE,2003,10.6,151,199,104,Asia,27.07,"7,276,013,032"
Iceland,ISL,2003,9.8,63,73,52,Europe,100.97,"11,316,441,660"
Bahamas,BHS,2003,10.9,203,255,152,North America,2.49,"8,870,090,000"
Ireland,IRL,2003,11.4,80,100,60,Europe,134.77,"164,285,112,867"
El Salvador,SLV,2003,5.7,211,299,129,North America,128.92,"13,243,892,200"
Slovenia,SVN,2003,11.5,119,166,68,Europe,376.56,"29,697,448,108"
Slovakia,SVK,2003,10.4,143,207,78,Europe,169.16,"46,731,767,494"
Bahrain,BHR,2003,8.4,92,96,85,Asia,32.39,"11,074,822,074"
Ecuador,ECU,2003,7.1,146,185,107,South America,70.56,"32,432,858,000"
Antigua and Barbuda,ATG,2003,9.0,151,176,127,North America,27.82,"855,643,111"
Israel,ISR,2003,12.2,76,98,54,Asia,97.17,"126,864,966,909"
New Zealand,NZL,2003,11.6,81,99,64,Oceania,172.35,"88,250,885,550"
Canada,CAN,2003,11.7,77,96,58,North America,137.27,"892,380,986,368"
Argentina,ARG,2003,9.3,134,176,93,South America,146.29,"127,586,973,492"
Brazil,BRA,2003,6.2,172,230,113,South America,68.07,"558,319,920,832"
Trinidad and Tobago,TTO,2003,9.5,199,245,151,North America,158.25,"11,305,459,802"
Mexico,MEX,2003,7.1,136,171,101,North America,63.0,"729,336,319,677"
Malta,MLT,2003,8.5,66,81,51,Europe,74.94,"5,456,583,589"
Netherlands,NLD,2003,11.3,80,93,66,Europe,113.33,"571,863,431,151"
Philippines,PHL,2003,8.0,212,269,154,Asia,33.41,"83,908,206,648"
Thailand,THA,2003,6.7,194,250,138,Asia,91.16,"152,280,653,544"
Poland,POL,2003,11.5,140,201,79,Europe,180.15,"217,513,049,292"
Portugal,PRT,2003,7.2,104,146,63,Europe,166.46,"164,964,195,260"
Chile,CHL,2003,9.4,100,133,68,South America,153.54,"75,643,459,840"
Colombia,COL,2003,6.5,155,209,100,South America,79.85,"94,684,584,163"
Belize,BLZ,2003,10.2,199,248,147,North America,59.0,"990,374,050"
Mauritius,MUS,2003,6.8,168,219,116,Africa,94.02,"5,609,831,328"
Montenegro,MNE,2003,10.3,132,171,94,Europe,0.0,"1,707,710,053"
Belgium,BEL,2003,10.4,94,121,65,Europe,248.73,"319,002,821,670"
Ukraine,UKR,2003,10.6,258,372,140,Europe,337.07,"50,132,953,288"
Costa Rica,CRI,2003,7.9,101,130,71,North America,115.88,"17,195,867,540"
Armenia,ARM,2003,10.8,137,194,86,Asia,33.43,"2,807,061,009"
Norway,NOR,2003,12.2,77,95,57,Europe,138.07999999999998,"228,752,436,372"
Paraguay,PRY,2003,7.0,166,186,145,South America,51.35,"6,588,103,836"
Luxembourg,LUX,2003,10.9,85,115,53,Europe,164.37,"29,557,325,056"
Romania,ROU,2003,9.7,174,239,106,Europe,159.71,"59,867,801,205"
Bulgaria,BGR,2003,10.1,154,215,91,Europe,207.65,"20,982,685,981"
Maldives,MDV,2003,3.3,114,128,99,Asia,15.52,"1,052,121,055"
Australia,AUS,2004,11.8,67,85,49,Oceania,133.76,"611,904,253,806"
Poland,POL,2004,11.6,142,204,78,Europe,187.74,"255,102,252,843"
Sweden,SWE,2004,12.3,70,85,54,Europe,157.41,"381,705,425,302"
Iceland,ISL,2004,9.9,61,71,51,Europe,168.81,"13,722,824,251"
Bulgaria,BGR,2004,10.1,154,215,92,Europe,184.12,"25,957,970,922"
Bahamas,BHS,2004,10.9,187,236,138,North America,5.93,"9,055,290,000"
France,FRA,2004,10.3,92,124,58,Europe,232.51000000000002,"2,115,742,488,205"
El Salvador,SLV,2004,5.8,209,297,127,North America,111.56,"13,724,810,900"
Montenegro,MNE,2004,10.4,131,171,91,Europe,0.0,"2,073,234,418"
Suriname,SUR,2004,7.7,216,269,160,South America,202.1,"1,484,092,538"
Slovenia,SVN,2004,12.0,113,153,71,Europe,298.48,"34,470,227,454"
Panama,PAN,2004,8.9,117,147,85,North America,81.76,"15,013,381,700"
Georgia,GEO,2004,12.0,148,216,85,Asia,66.54,"5,125,363,001"
Ireland,IRL,2004,11.6,79,99,59,Europe,129.42000000000002,"193,870,350,137"
Slovakia,SVK,2004,10.6,137,196,78,Europe,150.9,"57,240,535,138"
Mexico,MEX,2004,7.4,132,166,99,North America,60.75,"782,240,601,985"
Israel,ISR,2004,12.2,73,95,51,Asia,98.44,"135,445,033,199"
Chile,CHL,2004,9.6,98,130,66,South America,155.69,"99,210,392,858"
Germany,DEU,2004,12.9,85,111,58,Europe,172.23,"2,819,245,095,605"
Norway,NOR,2004,12.7,76,93,58,Europe,141.37,"264,357,494,659"
Netherlands,NLD,2004,11.5,76,89,63,Europe,111.16,"650,532,654,582"
Albania,ALB,2004,9.1,101,127,74,Europe,65.39,"7,314,865,176"
Spain,ESP,2004,8.6,79,110,46,Europe,112.63000000000001,"1,069,555,500,372"
New Zealand,NZL,2004,11.6,79,94,63,Oceania,163.41,"103,904,537,815"
Finland,FIN,2004,11.9,101,137,62,Europe,243.95000000000002,"196,768,065,557"
Brazil,BRA,2004,6.2,169,227,111,South America,70.22,"669,316,654,017"
Guatemala,GTM,2004,3.6,206,271,145,North America,29.93,"23,965,275,996"
Fiji,FJI,2004,9.3,218,263,168,Oceania,90.49000000000001,"2,727,507,213"
Grenada,GRD,2004,7.7,186,236,134,North America,13.37,"599,118,593"
Azerbaijan,AZE,2004,10.6,151,202,102,Asia,18.33,"8,680,472,169"
Paraguay,PRY,2004,7.1,165,185,143,South America,65.44,"8,033,877,360"
South Africa,ZAF,2004,8.8,459,496,426,Africa,12.63,"228,937,347,866"
Greece,GRC,2004,9.6,80,111,47,Europe,40.92,"240,521,260,988"
Guyana,GUY,2004,7.9,270,316,222,South America,400.0,"785,918,770"
Uzbekistan,UZB,2004,9.7,174,218,131,Asia,68.03999999999999,"12,030,023,548"
Canada,CAN,2004,12.0,76,94,57,North America,131.66,"1,023,196,003,075"
Trinidad and Tobago,TTO,2004,9.8,196,240,149,North America,188.28,"13,280,275,123"
Hungary,HUN,2004,10.6,180,253,108,Europe,369.46999999999997,"104,066,609,518"
Estonia,EST,2004,12.0,193,288,98,Europe,299.46,"12,059,201,242"
Austria,AUT,2004,9.8,84,113,54,Europe,254.04,"300,904,221,505"
Belgium,BEL,2004,10.5,89,116,62,Europe,231.06,"370,885,026,074"
Barbados,BRB,2004,9.2,116,143,90,North America,7.79,"3,514,350,000"
Denmark,DNK,2004,12.8,95,117,72,Europe,161.78,"251,373,036,671"
Kuwait,KWT,2004,6.1,89,102,67,Asia,17.26,"59,440,108,585"
Saint Lucia,LCA,2004,7.4,162,196,129,North America,66.17,"893,107,211"
Switzerland,CHE,2004,11.9,68,88,47,Europe,242.27,"394,163,688,621"
Ukraine,UKR,2004,10.7,269,387,145,Europe,307.05,"64,883,060,726"
Japan,JPN,2004,11.1,67,89,44,Asia,266.25,"4,815,148,854,362"
Maldives,MDV,2004,3.4,118,135,101,Asia,3.74,"1,226,829,563"
Argentina,ARG,2004,9.2,128,166,90,South America,131.06,"164,657,930,453"
Ecuador,ECU,2004,7.2,145,183,105,South America,84.39,"36,591,661,000"
Malta,MLT,2004,8.6,64,77,51,Europe,85.82000000000001,"6,062,780,269"
Qatar,QAT,2004,8.4,69,74,59,Asia,15.25,"31,734,065,934"
Latvia,LVA,2004,11.7,209,305,115,Europe,328.38,"14,373,269,156"
Kazakhstan,KAZ,2004,11.5,289,408,164,Asia,413.86,"43,151,647,003"
Cyprus,CYP,2004,10.5,74,99,48,Asia,9.17,"17,422,375,000"
Seychelles,SYC,2004,7.7,186,256,104,Africa,63.27,"839,319,927"
Uruguay,URY,2004,8.0,125,164,88,South America,258.49,"13,686,329,890"
Colombia,COL,2004,6.6,152,206,97,South America,84.25,"117,074,863,822"
Romania,ROU,2004,9.9,166,230,100,Europe,151.19,"76,216,441,462"
Antigua and Barbuda,ATG,2004,9.1,153,181,125,North America,36.06,"919,577,148"
Belize,BLZ,2004,10.3,195,241,144,North America,117.38,"1,057,845,500"
Luxembourg,LUX,2004,11.1,79,106,50,Europe,189.54,"34,685,281,848"
Bahrain,BHR,2004,8.4,94,102,80,Asia,54.21,"13,150,166,755"
Kyrgyzstan,KGZ,2004,10.1,217,290,141,Asia,141.33,"2,211,535,312"
Croatia,HRV,2004,9.7,113,159,66,Europe,302.24,"41,574,530,816"
Mauritius,MUS,2004,7.0,164,216,109,Africa,100.99,"6,385,695,187"
Serbia,SRB,2004,10.0,129,171,85,Europe,262.51,"24,861,483,281"
Costa Rica,CRI,2004,7.9,102,133,70,North America,100.72,"18,529,767,934"
Italy,ITA,2004,9.1,66,87,45,Europe,91.33,"1,798,314,750,435"
Cuba,CUB,2004,9.8,109,130,88,North America,216.12,"38,203,000,000"
Lithuania,LTU,2004,11.5,209,311,105,Europe,503.37,"22,649,930,576"
Singapore,SGP,2004,10.2,73,90,55,Asia,167.48,"114,188,557,567"
Thailand,THA,2004,6.8,194,249,137,Asia,86.06,"172,895,476,153"
Jamaica,JAM,2004,8.0,168,205,130,North America,0.74,"10,150,978,155"
New Zealand,NZL,2005,11.7,77,95,60,Oceania,157.93,"114,718,721,397"
Ukraine,UKR,2005,11.2,280,402,152,Europe,297.18,"86,142,018,069"
United Arab Emirates,ARE,2005,9.1,91,98,71,Asia,16.05,"180,617,018,380"
Poland,POL,2005,11.6,144,206,79,Europe,186.04,"306,125,173,853"
Norway,NOR,2005,12.4,72,88,55,Europe,142.09,"308,722,079,938"
Switzerland,CHE,2005,12.0,66,85,46,Europe,246.19,"408,689,353,999"
Romania,ROU,2005,10.1,162,224,99,Europe,146.01,"99,697,566,668"
Latvia,LVA,2005,12.1,220,325,116,Europe,312.06,"16,922,504,045"
Spain,ESP,2005,8.9,76,107,44,Europe,107.66,"1,157,276,458,152"
Germany,DEU,2005,13.3,84,110,57,Europe,161.49,"2,861,410,272,354"
Saint Lucia,LCA,2005,7.5,158,188,128,North America,24.82,"951,207,366"
Luxembourg,LUX,2005,11.3,81,106,55,Europe,159.07,"37,347,394,603"
Thailand,THA,2005,7.0,183,236,128,Asia,77.99,"189,318,499,954"
Panama,PAN,2005,9.0,116,149,82,North America,77.81,"16,374,393,900"
Lithuania,LTU,2005,11.8,228,338,115,Europe,485.78999999999996,"26,125,575,942"
Suriname,SUR,2005,7.7,207,261,150,South America,211.17,"1,793,754,805"
Georgia,GEO,2005,12.1,144,209,84,Asia,28.36,"6,410,852,596"
Greece,GRC,2005,9.8,79,110,47,Europe,46.53,"247,783,001,865"
Kyrgyzstan,KGZ,2005,10.2,223,299,144,Asia,135.48,"2,460,248,026"
South Africa,ZAF,2005,8.9,474,507,444,Africa,15.290000000000001,"257,671,413,751"
Uzbekistan,UZB,2005,9.8,183,230,137,Asia,67.81,"14,307,509,839"
Israel,ISR,2005,12.3,72,94,52,Asia,102.91,"142,462,925,574"
Mauritius,MUS,2005,7.2,164,217,109,Africa,102.51,"6,283,803,256"
Singapore,SGP,2005,10.5,74,95,53,Asia,180.33,"127,417,688,056"
Sweden,SWE,2005,12.4,66,80,51,Europe,164.62,"389,042,298,377"
Ireland,IRL,2005,11.7,75,94,56,Europe,121.11,"211,650,764,830"
Mexico,MEX,2005,7.6,134,168,99,North America,62.22,"877,476,221,382"
Italy,ITA,2005,9.2,65,86,44,Europe,82.59,"1,852,661,982,341"
Slovenia,SVN,2005,11.7,104,142,64,Europe,337.40999999999997,"36,346,974,008"
Iceland,ISL,2005,10.0,61,72,50,Europe,115.0,"16,691,490,114"
Seychelles,SYC,2005,7.7,185,255,102,Africa,71.5,"919,103,255"
Uruguay,URY,2005,8.0,125,163,87,South America,241.31,"17,362,857,684"
Malta,MLT,2005,9.8,63,77,48,Europe,67.94,"6,394,851,387"
Montenegro,MNE,2005,10.5,130,170,88,Europe,274.48,"2,257,174,481"
Trinidad and Tobago,TTO,2005,10.0,195,244,142,North America,144.14000000000001,"15,982,282,462"
Japan,JPN,2005,11.2,68,90,44,Asia,266.89,"4,755,410,630,912"
Hungary,HUN,2005,10.9,182,257,108,Europe,352.01,"113,035,361,317"
Netherlands,NLD,2005,11.6,72,82,61,Europe,113.28,"678,533,764,457"
Kazakhstan,KAZ,2005,11.7,297,417,171,Asia,357.8,"57,123,671,734"
Qatar,QAT,2005,8.8,67,72,56,Asia,18.8,"44,530,494,505"
Guyana,GUY,2005,7.9,267,311,220,South America,333.96,"824,880,550"
Maldives,MDV,2005,3.5,93,104,81,Asia,2.75,"1,163,362,438"
Paraguay,PRY,2005,7.3,164,184,142,South America,62.81,"8,734,653,809"
Serbia,SRB,2005,10.2,128,169,87,Europe,286.32,"26,252,007,830"
Guatemala,GTM,2005,3.5,211,279,147,North America,32.61,"27,211,377,225"
Kuwait,KWT,2005,5.8,88,101,66,Asia,18.18,"80,797,945,205"
Grenada,GRD,2005,7.8,171,218,122,North America,160.82,"695,370,296"
Slovakia,SVK,2005,10.8,140,202,77,Europe,165.37,"62,697,540,107"
Jamaica,JAM,2005,8.1,164,200,128,North America,26.169999999999998,"11,204,416,000"
Ecuador,ECU,2005,7.3,149,189,107,South America,96.73,"41,507,085,000"
Bahrain,BHR,2005,8.4,83,92,68,Asia,40.22,"15,968,726,862"
Albania,ALB,2005,9.1,106,125,85,Europe,0.0,"8,158,548,717"
Croatia,HRV,2005,9.7,116,166,65,Europe,269.57,"45,416,358,502"
Brazil,BRA,2005,6.3,162,218,106,South America,73.6,"891,630,175,813"
Costa Rica,CRI,2005,7.9,96,122,69,North America,78.73,"19,952,156,475"
Barbados,BRB,2005,9.2,114,140,89,North America,2.58,"3,897,300,000"
Antigua and Barbuda,ATG,2005,9.1,156,187,125,North America,0.0,"1,022,191,296"
Colombia,COL,2005,6.8,144,194,94,South America,74.84,"146,566,264,837"
Belgium,BEL,2005,10.7,88,114,61,Europe,231.75,"387,365,750,529"
Estonia,EST,2005,12.1,187,276,100,Europe,256.43,"14,006,088,297"
Finland,FIN,2005,12.0,100,136,62,Europe,230.52,"204,436,015,421"
Chile,CHL,2005,9.5,95,125,64,South America,147.43,"122,964,812,046"
Canada,CAN,2005,12.2,76,94,57,North America,133.84,"1,169,357,979,865"
Belize,BLZ,2005,10.3,190,235,143,North America,46.1,"1,114,222,550"
Bulgaria,BGR,2005,10.2,156,219,92,Europe,178.06,"29,636,617,750"
El Salvador,SLV,2005,6.0,206,295,125,North America,115.73,"14,698,001,400"
Cuba,CUB,2005,9.9,110,131,88,North America,205.94,"42,643,836,075"
Fiji,FJI,2005,9.2,214,260,164,Oceania,52.83,"3,006,725,015"
France,FRA,2005,10.4,92,125,57,Europe,232.09,"2,196,126,103,718"
Denmark,DNK,2005,12.8,89,110,68,Europe,164.23,"264,467,308,109"
Bahamas,BHS,2005,10.9,180,228,133,North America,13.32,"9,836,200,000"
Argentina,ARG,2005,9.1,125,163,87,South America,128.18,"198,737,095,012"
Cyprus,CYP,2005,10.7,75,97,52,Asia,24.740000000000002,"18,703,146,375"
Austria,AUT,2005,9.9,84,112,55,Europe,235.25,"315,974,418,605"
Estonia,EST,2006,12.2,186,275,97,Europe,242.63,"16,963,625,016"
Denmark,DNK,2006,12.8,91,113,68,Europe,162.07999999999998,"282,884,912,894"
Chile,CHL,2006,9.5,93,122,64,South America,155.06,"154,788,024,806"
Jamaica,JAM,2006,8.3,154,188,120,North America,0.0,"11,905,525,197"
Montenegro,MNE,2006,10.7,127,167,86,Europe,0.0,"2,721,904,403"
Netherlands,NLD,2006,11.8,70,80,59,Europe,113.19,"726,649,102,998"
Canada,CAN,2006,12.3,74,92,56,North America,126.42999999999999,"1,315,415,197,461"
New Zealand,NZL,2006,11.7,75,91,60,Oceania,156.74,"111,608,845,081"
Italy,ITA,2006,9.3,64,85,43,Europe,81.61,"1,942,633,797,516"
Guyana,GUY,2006,7.9,267,312,219,South America,394.6,"1,458,449,453"
Bulgaria,BGR,2006,10.4,157,218,93,Europe,186.53,"34,130,122,491"
United Arab Emirates,ARE,2006,9.3,88,95,68,Asia,16.55,"222,116,541,865"
Ecuador,ECU,2006,7.3,144,182,104,South America,93.07,"46,802,044,000"
Thailand,THA,2006,7.0,174,227,121,Asia,69.04,"221,758,486,880"
Armenia,ARM,2006,10.9,145,211,86,Asia,43.67,"6,384,451,606"
Panama,PAN,2006,9.1,119,154,84,North America,91.63,"18,141,666,300"
Brazil,BRA,2006,6.4,160,214,105,South America,69.89999999999999,"1,107,640,297,890"
Japan,JPN,2006,11.2,67,88,44,Asia,262.24,"4,530,377,224,970"
Hungary,HUN,2006,11.1,178,251,104,Europe,312.65999999999997,"115,295,199,392"
Mauritius,MUS,2006,7.4,162,212,110,Africa,163.68,"7,028,803,366"
Cuba,CUB,2006,10.1,103,124,81,North America,202.55,"52,742,800,000"
Ireland,IRL,2006,11.8,75,92,57,Europe,126.46,"232,085,535,065"
Kyrgyzstan,KGZ,2006,10.2,233,316,147,Asia,145.99,"2,834,168,889"
Argentina,ARG,2006,9.0,124,162,86,South America,128.22,"232,557,260,817"
Kuwait,KWT,2006,6.2,87,100,65,Asia,15.83,"101,550,654,721"
El Salvador,SLV,2006,6.4,203,291,122,North America,99.57,"15,999,886,400"
Latvia,LVA,2006,12.2,232,338,128,Europe,288.9,"21,447,021,570"
Antigua and Barbuda,ATG,2006,9.2,155,181,129,North America,0.0,"1,157,005,444"
Croatia,HRV,2006,9.9,114,163,64,Europe,248.22,"50,453,577,898"
Lithuania,LTU,2006,12.0,235,349,119,Europe,400.57,"30,216,060,233"
Luxembourg,LUX,2006,11.5,78,99,55,Europe,183.79,"42,414,308,117"
Iceland,ISL,2006,10.2,62,75,49,Europe,106.39,"17,048,647,568"
Cyprus,CYP,2006,10.9,64,81,47,Asia,27.64,"20,403,713,461"
Ukraine,UKR,2006,11.2,268,387,146,Europe,282.78999999999996,"107,753,069,307"
Malta,MLT,2006,9.8,63,79,47,Europe,87.21000000000001,"6,757,119,558"
Kazakhstan,KAZ,2006,11.7,299,420,172,Asia,374.73,"81,003,884,545"
Uruguay,URY,2006,8.0,118,157,80,South America,248.11,"19,579,457,966"
Colombia,COL,2006,6.7,146,196,94,South America,78.41,"162,590,146,096"
Israel,ISR,2006,12.1,69,89,49,Asia,80.52,"153,966,916,311"
Trinidad and Tobago,TTO,2006,9.9,189,234,140,North America,133.89000000000001,"18,369,070,085"
Mexico,MEX,2006,8.0,131,166,97,North America,59.22,"975,387,131,716"
Costa Rica,CRI,2006,7.9,104,133,74,North America,100.83,"22,600,431,878"
Suriname,SUR,2006,7.7,203,254,149,South America,298.26,"2,626,380,435"
Fiji,FJI,2006,9.3,212,258,161,Oceania,30.77,"3,102,741,451"
Romania,ROU,2006,10.3,158,219,95,Europe,149.09,"123,533,036,668"
Saint Lucia,LCA,2006,7.6,155,185,124,North America,17.83,"1,134,193,630"
Serbia,SRB,2006,10.2,126,167,84,Europe,286.07,"30,607,991,862"
Barbados,BRB,2006,9.2,113,139,88,North America,45.38,"4,246,600,000"
Greece,GRC,2006,9.9,76,106,44,Europe,45.410000000000004,"273,317,737,047"
Seychelles,SYC,2006,7.8,185,256,101,Africa,275.75,"1,016,418,229"
Guatemala,GTM,2006,3.7,205,274,140,North America,41.95,"30,231,249,362"
Singapore,SGP,2006,10.1,71,88,54,Asia,148.75,"147,797,218,201"
Albania,ALB,2006,9.2,101,128,72,Europe,0.0,"8,992,642,349"
Sweden,SWE,2006,12.4,64,78,50,Europe,160.76,"420,032,121,656"
Belgium,BEL,2006,11.1,85,109,60,Europe,214.9,"409,813,197,842"
Australia,AUS,2006,11.9,65,82,47,Oceania,127.89,"745,521,862,833"
Slovakia,SVK,2006,10.9,138,198,76,Europe,0.0,"70,596,729,394"
Germany,DEU,2006,13.6,83,109,57,Europe,152.52,"3,002,446,368,084"
France,FRA,2006,10.6,90,122,57,Europe,220.63,"2,318,593,651,988"
Bahamas,BHS,2006,10.9,177,224,130,North America,5.640000000000001,"10,167,250,000"
Slovenia,SVN,2006,11.8,107,152,58,Europe,347.87,"39,587,732,029"
South Africa,ZAF,2006,9.0,477,512,446,Africa,17.92,"271,811,088,781"
Austria,AUT,2006,10.1,80,108,53,Europe,218.9,"335,998,557,270"
Spain,ESP,2006,9.0,73,103,43,Europe,99.86999999999999,"1,264,551,499,185"
Georgia,GEO,2006,12.1,145,221,73,Asia,23.51,"7,745,406,201"
Sri Lanka,LKA,2006,10.5,145,209,80,Asia,328.73,"28,267,410,543"
Bahrain,BHR,2006,8.4,89,96,75,Asia,27.18,"18,505,053,191"
Finland,FIN,2006,12.0,95,132,57,Europe,233.8,"216,552,502,823"
Norway,NOR,2006,12.5,69,85,53,Europe,142.67,"345,424,664,369"
Grenada,GRD,2006,7.9,167,214,118,North America,9.89,"698,700,667"
Belize,BLZ,2006,10.3,185,227,139,North America,37.92,"1,217,467,600"
Philippines,PHL,2006,8.8,215,272,155,Asia,36.66,"122,210,716,310"
Switzerland,CHE,2006,12.3,64,81,47,Europe,241.63,"430,921,192,375"
Qatar,QAT,2006,9.2,66,71,54,Asia,87.30000000000001,"60,882,142,857"
Poland,POL,2006,11.7,145,208,80,Europe,182.85,"344,748,646,558"
Paraguay,PRY,2006,7.1,161,181,139,South America,65.57000000000001,"10,646,157,920"
Denmark,DNK,2007,12.5,91,112,68,Europe,139.96,"319,423,370,134"
Slovakia,SVK,2007,11.1,139,199,79,Europe,0.0,"86,304,245,825"
Norway,NOR,2007,12.6,67,80,52,Europe,127.77,"401,082,621,083"
Australia,AUS,2007,12.0,65,82,48,Oceania,130.25,"851,962,785,585"
Bahamas,BHS,2007,10.9,171,220,122,North America,13.42,"10,618,340,000"
Cuba,CUB,2007,10.4,102,122,80,North America,188.18,"58,603,900,000"
United Arab Emirates,ARE,2007,9.4,86,93,65,Asia,15.99,"257,916,133,424"
Thailand,THA,2007,7.1,170,222,117,Asia,79.14,"262,942,650,544"
Kuwait,KWT,2007,6.3,86,99,64,Asia,13.02,"114,641,097,818"
Philippines,PHL,2007,8.9,208,264,149,Asia,29.169999999999998,"149,359,918,060"
Slovenia,SVN,2007,11.8,102,142,59,Europe,291.45,"48,114,688,201"
Spain,ESP,2007,9.1,72,101,43,Europe,98.95,"1,479,341,637,011"
Azerbaijan,AZE,2007,10.2,141,187,95,Asia,11.83,"33,050,343,783"
Armenia,ARM,2007,11.0,137,201,80,Asia,39.019999999999996,"9,206,301,700"
Kyrgyzstan,KGZ,2007,10.3,230,317,141,Asia,125.89,"3,802,566,171"
Suriname,SUR,2007,7.7,200,251,147,South America,356.14,"2,936,612,022"
Kazakhstan,KAZ,2007,11.6,293,413,167,Asia,375.63,"104,849,886,826"
South Africa,ZAF,2007,9.1,475,511,442,Africa,12.12,"299,033,511,000"
Austria,AUT,2007,11.6,80,106,53,Europe,217.31,"388,691,445,387"
Japan,JPN,2007,11.3,66,87,44,Asia,268.76,"4,515,264,514,431"
Paraguay,PRY,2007,7.1,159,179,137,South America,62.51,"13,794,910,634"
Italy,ITA,2007,9.4,62,82,43,Europe,81.96000000000001,"2,203,053,380,783"
Panama,PAN,2007,9.2,119,152,84,North America,71.9,"21,295,984,200"
Brazil,BRA,2007,6.5,158,212,103,South America,71.68,"1,397,084,345,950"
Cyprus,CYP,2007,11.2,70,98,41,Asia,36.17,"24,077,470,572"
Ukraine,UKR,2007,11.2,278,401,150,Europe,281.12,"142,719,009,901"
Argentina,ARG,2007,8.9,126,165,88,South America,118.35,"287,530,508,431"
Belgium,BEL,2007,11.1,86,108,62,Europe,208.57,"471,821,105,940"
Qatar,QAT,2007,9.6,66,70,52,Asia,28.61,"79,712,087,912"
Montenegro,MNE,2007,10.8,123,161,84,Europe,335.53,"3,680,710,375"
Mexico,MEX,2007,8.0,129,164,94,North America,58.01,"1,052,696,282,279"
Romania,ROU,2007,10.5,155,216,93,Europe,136.06,"175,933,642,292"
Chile,CHL,2007,9.4,93,121,64,South America,150.92000000000002,"173,605,968,179"
Mauritius,MUS,2007,7.6,160,213,105,Africa,141.45,"8,150,138,757"
Canada,CAN,2007,12.4,74,92,55,North America,127.45,"1,464,977,190,206"
Belarus,BLR,2007,10.6,230,339,119,Europe,355.89,"45,277,399,814"
Serbia,SRB,2007,10.2,123,165,81,Europe,258.45,"40,289,556,656"
Colombia,COL,2007,7.2,141,189,92,South America,74.25,"207,416,494,642"
Barbados,BRB,2007,9.3,112,139,87,North America,0.0,"4,523,750,000"
Netherlands,NLD,2007,12.0,67,77,57,Europe,97.44,"839,419,655,078"
Malta,MLT,2007,9.9,65,84,45,Europe,73.84,"7,880,509,171"
Maldives,MDV,2007,3.9,83,93,71,Asia,14.36,"1,868,383,461"
Portugal,PRT,2007,7.7,92,130,54,Europe,143.55,"240,169,336,162"
Switzerland,CHE,2007,12.6,62,78,46,Europe,255.81,"479,913,034,322"
Sweden,SWE,2007,12.5,63,78,48,Europe,147.39,"487,816,328,342"
Costa Rica,CRI,2007,8.1,91,121,61,North America,75.35,"26,743,874,206"
Luxembourg,LUX,2007,11.7,75,94,54,Europe,183.89000000000001,"50,888,134,410"
New Zealand,NZL,2007,11.8,76,93,59,Oceania,148.19,"137,316,087,308"
Lithuania,LTU,2007,12.1,246,364,123,Europe,406.79,"39,738,180,077"
Singapore,SGP,2007,10.2,68,87,48,Asia,165.76,"179,981,288,567"
Bulgaria,BGR,2007,10.5,153,212,91,Europe,173.76999999999998,"44,411,476,557"
Poland,POL,2007,11.8,145,209,79,Europe,166.47,"429,063,549,984"
Croatia,HRV,2007,10.1,115,163,66,Europe,243.45,"60,093,222,709"
Latvia,LVA,2007,12.3,224,328,120,Europe,295.75,"30,901,399,261"
Bahrain,BHR,2007,8.4,80,92,59,Asia,32.09,"21,730,000,000"
Belize,BLZ,2007,10.4,181,222,138,North America,78.49000000000001,"1,290,573,400"
Seychelles,SYC,2007,7.9,185,257,100,Africa,147.64000000000001,"1,033,561,654"
Trinidad and Tobago,TTO,2007,10.5,188,236,137,North America,143.58,"21,642,304,046"
Georgia,GEO,2007,12.1,140,210,74,Asia,36.59,"10,172,869,680"
Guatemala,GTM,2007,3.9,191,250,135,North America,40.27,"34,113,107,086"
Antigua and Barbuda,ATG,2007,9.2,149,173,125,North America,7.98,"1,311,401,333"
Germany,DEU,2007,13.7,82,107,56,Europe,146.52,"3,439,953,462,907"
France,FRA,2007,10.7,88,120,55,Europe,213.69,"2,657,213,249,384"
Uruguay,URY,2007,8.2,124,165,85,South America,266.31,"23,410,572,634"
Israel,ISR,2007,12.5,67,87,48,Asia,73.67,"178,706,717,753"
Finland,FIN,2007,12.0,96,133,57,Europe,223.08,"255,384,615,385"
Hungary,HUN,2007,11.3,176,245,106,Europe,327.32,"139,850,794,387"
Fiji,FJI,2007,9.3,209,255,157,Oceania,20.46,"3,405,050,612"
Grenada,GRD,2007,8.0,164,210,116,North America,48.34,"758,683,593"
Albania,ALB,2007,9.2,101,130,72,Europe,65.85,"10,701,011,897"
El Salvador,SLV,2007,5.8,200,289,120,North America,127.14,"17,011,750,900"
Ecuador,ECU,2007,7.3,141,181,100,South America,95.97,"51,007,777,000"
Greece,GRC,2007,10.0,78,110,45,Europe,33.91,"318,497,936,901"
Iceland,ISL,2007,10.3,60,73,47,Europe,163.29,"21,319,946,740"
Guyana,GUY,2007,8.0,257,299,212,South America,373.75,"1,740,334,782"
Ireland,IRL,2007,11.9,72,92,52,Europe,121.77,"269,917,519,847"
Estonia,EST,2007,12.2,187,280,93,Europe,265.05,"22,237,061,730"
Qatar,QAT,2008,9.7,65,70,51,Asia,13.55,"115,270,054,945"
Belgium,BEL,2008,11.0,86,110,61,Europe,221.54,"518,625,897,173"
Grenada,GRD,2008,8.1,162,207,113,North America,0.0,"825,977,889"
Iceland,ISL,2008,10.4,57,72,41,Europe,136.09,"17,658,408,759"
Luxembourg,LUX,2008,11.7,69,87,50,Europe,112.31,"55,849,686,539"
Albania,ALB,2008,9.2,102,131,72,Europe,71.05,"12,881,352,688"
United Arab Emirates,ARE,2008,9.6,85,91,64,Asia,11.86,"315,474,615,739"
Belarus,BLR,2008,11.3,228,340,114,Europe,352.15999999999997,"60,763,483,146"
Croatia,HRV,2008,10.3,117,167,66,Europe,265.69,"70,481,451,449"
Saint Lucia,LCA,2008,7.8,152,185,118,North America,0.0,"1,282,215,407"
Latvia,LVA,2008,12.2,200,294,109,Europe,323.69,"35,596,016,664"
Antigua and Barbuda,ATG,2008,9.3,147,172,122,North America,0.0,"1,368,431,037"
El Salvador,SLV,2008,6.4,198,287,118,North America,125.82,"17,986,886,200"
Serbia,SRB,2008,10.4,122,163,81,Europe,242.61,"49,259,526,053"
Argentina,ARG,2008,8.9,123,162,86,South America,118.11,"361,558,037,110"
Barbados,BRB,2008,9.3,112,140,86,North America,2.31,"4,607,300,000"
Greece,GRC,2008,10.1,75,106,44,Europe,40.3,"354,460,802,549"
Kyrgyzstan,KGZ,2008,10.3,218,295,138,Asia,135.96,"5,139,957,785"
Finland,FIN,2008,12.2,94,129,56,Europe,220.29,"283,742,493,042"
Lithuania,LTU,2008,12.2,229,334,122,Europe,430.05,"47,850,551,149"
Portugal,PRT,2008,7.8,89,126,53,Europe,141.02,"262,007,590,450"
Poland,POL,2008,11.9,142,204,77,Europe,177.38,"533,815,789,474"
Costa Rica,CRI,2008,8.4,97,128,65,North America,72.27,"30,612,932,876"
Guyana,GUY,2008,8.0,249,291,205,South America,353.62,"1,922,598,121"
New Zealand,NZL,2008,11.8,74,89,60,Oceania,151.78,"133,279,679,483"
Netherlands,NLD,2008,12.0,67,77,57,Europe,102.09,"936,228,211,513"
Canada,CAN,2008,12.4,73,90,56,North America,127.59,"1,549,131,208,997"
Bulgaria,BGR,2008,10.5,150,209,89,Europe,170.34,"54,409,138,498"
Montenegro,MNE,2008,10.9,119,155,82,Europe,308.09000000000003,"4,545,674,528"
Estonia,EST,2008,12.3,164,245,85,Europe,244.57,"24,194,039,256"
Norway,NOR,2008,12.7,66,82,49,Europe,132.03,"462,554,432,624"
Thailand,THA,2008,7.3,167,219,114,Asia,78.18,"291,383,081,232"
Mexico,MEX,2008,8.0,133,171,95,North America,60.83,"1,109,989,038,339"
Hungary,HUN,2008,11.5,164,230,99,Europe,331.68,"157,998,423,132"
Chile,CHL,2008,9.9,91,121,61,South America,167.88,"179,638,496,279"
Panama,PAN,2008,9.2,122,160,82,North America,73.3,"25,155,888,600"
Armenia,ARM,2008,11.0,144,211,86,Asia,35.15,"11,662,040,714"
Brazil,BRA,2008,6.7,157,211,102,South America,72.21,"1,695,824,571,927"
Mauritius,MUS,2008,7.8,165,219,107,Africa,78.13,"9,990,370,016"
Guatemala,GTM,2008,4.3,186,249,128,North America,54.76,"39,136,893,345"
Fiji,FJI,2008,9.4,206,253,155,Oceania,47.48,"3,523,185,920"
Paraguay,PRY,2008,7.4,157,177,135,South America,58.32,"18,504,130,753"
Uruguay,URY,2008,8.4,119,156,82,South America,234.53,"30,366,213,119"
Trinidad and Tobago,TTO,2008,10.7,195,248,139,North America,178.25,"27,870,257,894"
Philippines,PHL,2008,9.0,207,262,148,Asia,33.05,"174,195,136,253"
Malta,MLT,2008,10.0,62,79,44,Europe,38.68,"8,977,149,553"
Colombia,COL,2008,7.3,142,191,93,South America,74.22,"243,982,437,871"
Belize,BLZ,2008,10.4,183,224,138,North America,86.36,"1,368,625,150"
Ireland,IRL,2008,12.0,72,88,55,Europe,129.56,"275,020,023,436"
Maldives,MDV,2008,4.3,80,92,67,Asia,0.0,"2,271,646,188"
Switzerland,CHE,2008,12.9,59,75,43,Europe,237.51,"554,363,487,120"
Cuba,CUB,2008,10.6,100,119,81,North America,190.99,"60,806,300,000"
Romania,ROU,2008,10.6,160,225,93,Europe,140.4,"213,605,065,703"
Germany,DEU,2008,13.7,81,105,56,Europe,145.52,"3,752,365,607,148"
South Africa,ZAF,2008,9.7,458,500,420,Africa,14.14,"287,099,991,517"
Slovakia,SVK,2008,11.2,135,196,73,Europe,134.2,"100,324,627,215"
Ukraine,UKR,2008,11.3,275,398,149,Europe,274.5,"179,992,405,832"
Australia,AUS,2008,12.3,64,82,47,Oceania,130.49,"1,052,584,601,611"
Austria,AUT,2008,11.5,76,101,51,Europe,216.45,"430,294,287,388"
Israel,ISR,2008,12.6,64,84,45,Asia,87.33,"215,840,354,627"
Denmark,DNK,2008,12.9,86,104,66,Europe,143.05,"353,361,056,080"
Japan,JPN,2008,11.4,64,85,43,Asia,265.32,"5,037,908,465,114"
Kazakhstan,KAZ,2008,11.5,264,371,154,Asia,366.94,"133,441,612,247"
Ecuador,ECU,2008,7.9,141,181,99,South America,95.29,"61,762,635,000"
Singapore,SGP,2008,10.5,67,86,49,Asia,150.25,"192,225,881,688"
Bahrain,BHR,2008,8.4,73,79,62,Asia,27.89,"25,710,877,660"
Cyprus,CYP,2008,11.3,68,87,48,Asia,59.07,"27,839,460,964"
Spain,ESP,2008,9.2,70,97,43,Europe,98.52,"1,635,015,380,108"
Slovenia,SVN,2008,11.9,96,135,55,Europe,263.09,"55,589,849,128"
Suriname,SUR,2008,7.7,200,251,146,South America,416.82,"3,532,969,035"
France,FRA,2008,10.7,87,118,56,Europe,216.21,"2,918,382,891,460"
Sweden,SWE,2008,12.2,62,76,48,Europe,155.68,"513,965,650,650"
Kuwait,KWT,2008,6.5,85,98,63,Asia,11.76,"147,395,833,333"
Seychelles,SYC,2008,8.0,185,256,100,Africa,39.07,"967,199,594"
Bahamas,BHS,2008,10.9,168,217,119,North America,12.49,"10,526,000,000"
Italy,ITA,2008,9.5,61,80,42,Europe,81.69,"2,390,729,163,615"
South Africa,ZAF,2009,10.1,435,484,389,Africa,10.71,"297,216,730,669"
Ukraine,UKR,2009,11.3,235,341,131,Europe,279.26,"117,227,769,792"
Israel,ISR,2009,12.6,61,78,45,Asia,80.32,"207,419,370,241"
Australia,AUS,2009,12.3,65,81,48,Oceania,130.12,"926,448,240,318"
Slovenia,SVN,2009,12.1,91,125,54,Europe,268.71,"50,244,793,832"
Philippines,PHL,2009,9.0,207,260,150,Asia,34.89,"168,334,601,260"
Trinidad and Tobago,TTO,2009,10.7,185,232,134,North America,120.24,"19,175,196,446"
Belize,BLZ,2009,10.4,183,225,138,North America,57.76,"1,336,957,250"
Paraguay,PRY,2009,7.0,154,174,133,South America,67.33,"15,929,902,138"
Fiji,FJI,2009,9.5,203,250,152,Oceania,51.67,"2,870,624,636"
Guatemala,GTM,2009,4.6,191,252,133,North America,57.57,"37,733,994,976"
Japan,JPN,2009,11.4,63,83,41,Asia,266.69,"5,231,382,674,594"
Colombia,COL,2009,7.3,147,198,95,South America,73.83,"233,821,670,544"
Malta,MLT,2009,10.2,61,80,41,Europe,107.12,"8,528,202,278"
Sweden,SWE,2009,12.2,61,75,47,Europe,160.4,"429,657,033,108"
Mauritius,MUS,2009,8.0,165,225,102,Africa,106.07,"9,128,843,109"
Cuba,CUB,2009,10.8,99,120,77,North America,201.32999999999998,"62,080,000,000"
Armenia,ARM,2009,11.1,142,211,82,Asia,33.7,"8,647,936,748"
United Arab Emirates,ARE,2009,9.7,83,89,62,Asia,11.73,"253,547,358,747"
New Zealand,NZL,2009,11.9,73,88,57,Oceania,153.0,"121,338,622,025"
Netherlands,NLD,2009,11.9,65,75,55,Europe,108.3,"857,932,759,100"
Thailand,THA,2009,7.5,164,217,110,Asia,78.56,"281,710,095,725"
Italy,ITA,2009,9.6,60,78,42,Europe,81.92999999999999,"2,185,160,183,384"
Canada,CAN,2009,12.5,71,88,54,North America,130.67,"1,371,153,004,986"
Bulgaria,BGR,2009,10.6,147,205,88,Europe,154.42,"51,884,481,410"
Suriname,SUR,2009,7.7,197,249,142,South America,369.71,"3,875,409,836"
Montenegro,MNE,2009,11.0,115,150,79,Europe,275.93,"4,159,330,370"
Estonia,EST,2009,12.4,154,231,78,Europe,248.67,"19,652,492,637"
Uruguay,URY,2009,8.4,118,157,80,South America,237.75,"31,660,911,277"
Brazil,BRA,2009,6.8,156,210,102,South America,70.37,"1,667,019,780,934"
Spain,ESP,2009,9.3,67,91,42,Europe,98.02,"1,499,099,749,931"
Norway,NOR,2009,12.7,67,83,50,Europe,145.74,"386,622,457,580"
Georgia,GEO,2009,12.2,156,229,87,Asia,65.06,"10,766,809,099"
Oman,OMN,2009,7.7,108,125,78,Asia,21.19,"48,388,296,489"
Mexico,MEX,2009,8.2,136,174,97,North America,64.14,"900,045,362,045"
Denmark,DNK,2009,12.7,84,104,64,Europe,144.7,"321,241,396,034"
Hungary,HUN,2009,11.7,160,224,97,Europe,310.72,"130,593,960,612"
Chile,CHL,2009,9.9,94,125,63,South America,174.29999999999998,"172,389,498,445"
Austria,AUT,2009,11.7,77,103,50,Europe,213.22,"400,172,297,861"
Panama,PAN,2009,9.3,122,161,82,North America,68.29,"27,116,635,600"
Argentina,ARG,2009,9.3,123,158,88,South America,107.32,"332,976,484,578"
Jamaica,JAM,2009,8.8,143,176,110,North America,21.13,"12,038,829,246"
France,FRA,2009,10.8,87,118,56,Europe,216.24,"2,690,222,283,968"
Poland,POL,2009,12.1,137,197,76,Europe,197.1,"439,796,160,379"
Albania,ALB,2009,9.3,103,133,72,Europe,0.0,"12,044,212,904"
Latvia,LVA,2009,12.3,185,270,103,Europe,307.8,"26,169,854,045"
Qatar,QAT,2009,9.2,65,70,51,Asia,19.900000000000002,"97,798,351,648"
Kyrgyzstan,KGZ,2009,10.4,204,278,128,Asia,113.28,"4,690,062,255"
Kuwait,KWT,2009,6.6,85,98,63,Asia,14.81,"105,899,930,507"
Germany,DEU,2009,13.8,80,104,55,Europe,145.52,"3,418,005,001,389"
Belgium,BEL,2009,11.1,84,107,61,Europe,218.35,"484,552,792,442"
Belarus,BLR,2009,11.9,225,334,115,Europe,375.54,"49,209,523,810"
Kazakhstan,KAZ,2009,11.5,240,338,143,Asia,330.07,"115,308,661,143"
Uzbekistan,UZB,2009,10.5,149,187,112,Asia,60.86,"33,689,223,673"
Lithuania,LTU,2009,11.5,197,294,101,Europe,437.07,"37,440,673,478"
Bahrain,BHR,2009,8.4,69,74,60,Asia,24.59,"22,938,218,085"
Greece,GRC,2009,10.1,76,107,44,Europe,40.97,"330,000,252,153"
Switzerland,CHE,2009,13.3,59,76,42,Europe,180.13,"541,506,500,414"
Slovakia,SVK,2009,11.4,130,185,74,Europe,139.08,"88,945,625,174"
Guyana,GUY,2009,8.0,252,295,207,South America,301.78,"2,061,323,854"
Romania,ROU,2009,10.6,160,225,93,Europe,144.02,"172,611,845,342"
Ecuador,ECU,2009,7.9,137,176,97,South America,94.25,"62,519,686,000"
Croatia,HRV,2009,10.6,109,156,61,Europe,254.29,"62,703,143,057"
Serbia,SRB,2009,10.4,120,159,80,Europe,258.43,"42,616,653,300"
Costa Rica,CRI,2009,8.4,96,124,67,North America,77.37,"30,562,361,123"
Finland,FIN,2009,12.2,90,124,56,Europe,228.48999999999998,"251,499,027,508"
El Salvador,SLV,2009,6.5,197,286,116,North America,124.12,"17,601,616,000"
Ireland,IRL,2009,12.1,74,93,54,Europe,132.63,"236,311,336,482"
Turkey,TUR,2009,6.5,118,159,80,Asia,21.29,"644,639,902,581"
Singapore,SGP,2009,10.5,62,80,44,Asia,149.58,"192,408,387,762"
Bahamas,BHS,2009,10.9,166,216,117,North America,15.98,"9,981,960,000"
Grenada,GRD,2009,8.2,158,203,110,North America,0.0,"771,278,111"
Portugal,PRT,2009,7.9,88,124,53,Europe,139.7,"243,745,748,819"
Seychelles,SYC,2009,8.0,183,254,98,Africa,43.81,"847,397,850"
Antigua and Barbuda,ATG,2009,9.3,138,168,110,North America,0.0,"1,224,253,000"
Luxembourg,LUX,2009,11.8,67,83,50,Europe,110.95,"51,370,543,206"
Barbados,BRB,2009,9.3,110,138,84,North America,28.8,"4,434,050,000"
Cyprus,CYP,2009,11.3,68,93,42,Asia,55.53,"25,942,622,951"
Saint Lucia,LCA,2009,7.9,152,185,118,North America,82.32,"1,262,973,407"
Iceland,ISL,2009,10.5,55,69,39,Europe,123.73,"12,944,114,736"
Norway,NOR,2010,12.7,65,79,50,Europe,136.43,"429,130,952,709"
Greece,GRC,2010,10.3,74,102,44,Europe,39.9,"299,361,576,558"
Uruguay,URY,2010,8.4,118,156,80,South America,257.43,"40,284,481,652"
Switzerland,CHE,2010,13.3,57,71,43,Europe,160.52,"583,782,977,866"
Spain,ESP,2010,9.4,65,88,40,Europe,87.44,"1,431,616,749,640"
Suriname,SUR,2010,7.7,194,246,139,South America,425.3,"4,368,398,048"
Bahrain,BHR,2010,8.4,66,67,65,Asia,11.89,"25,713,271,277"
Singapore,SGP,2010,11.2,60,77,43,Asia,129.23,"236,421,782,178"
Bulgaria,BGR,2010,10.6,143,197,88,Europe,158.25,"50,610,058,210"
Seychelles,SYC,2010,8.1,181,251,97,Africa,51.989999999999995,"969,936,525"
Thailand,THA,2010,7.7,161,216,106,Asia,80.5,"341,105,009,515"
Nicaragua,NIC,2010,6.0,160,208,115,North America,88.74,"8,758,622,329"
Finland,FIN,2010,12.3,88,120,54,Europe,215.21,"247,799,815,768"
France,FRA,2010,10.9,85,116,55,Europe,211.17000000000002,"2,642,609,548,930"
Serbia,SRB,2010,10.4,115,154,76,Europe,234.48,"39,460,357,731"
Sweden,SWE,2010,12.3,58,72,43,Europe,146.54,"488,377,689,565"
Belarus,BLR,2010,12.0,226,336,113,Europe,331.98,"57,222,490,769"
Barbados,BRB,2010,9.4,108,137,81,North America,7.62,"4,461,650,000"
Poland,POL,2010,12.2,131,189,71,Europe,190.64,"479,321,460,551"
Uzbekistan,UZB,2010,10.7,145,182,108,Asia,63.230000000000004,"39,332,770,929"
Grenada,GRD,2010,8.3,154,198,107,North America,0.0,"771,015,889"
Albania,ALB,2010,9.3,103,134,73,Europe,41.66,"11,926,953,259"
Belize,BLZ,2010,10.5,182,225,136,North America,61.48,"1,397,113,450"
Portugal,PRT,2010,8.1,86,122,51,Europe,148.84,"238,303,443,425"
Philippines,PHL,2010,8.9,203,255,148,Asia,36.96,"199,590,775,189"
Slovenia,SVN,2010,12.1,87,120,52,Europe,265.59000000000003,"48,013,606,745"
Paraguay,PRY,2010,7.7,152,171,131,South America,54.56,"20,030,528,043"
Qatar,QAT,2010,8.4,65,70,50,Asia,12.83,"125,122,306,346"
Armenia,ARM,2010,11.1,138,203,81,Asia,40.410000000000004,"9,260,284,938"
Oman,OMN,2010,7.9,107,123,76,Asia,3.8000000000000003,"58,642,392,718"
Belgium,BEL,2010,11.1,81,102,59,Europe,220.18,"483,548,031,197"
Bahamas,BHS,2010,10.9,159,205,113,North America,58.32,"10,095,760,000"
South Africa,ZAF,2010,10.0,416,462,375,Africa,13.09,"375,298,134,440"
Slovakia,SVK,2010,11.6,122,175,68,Europe,143.68,"89,501,012,916"
Austria,AUT,2010,11.8,74,100,49,Europe,207.55,"391,892,746,545"
Romania,ROU,2010,10.7,155,218,89,Europe,150.04,"166,658,327,827"
Panama,PAN,2010,9.3,117,153,79,North America,64.0,"29,440,287,600"
Guatemala,GTM,2010,4.9,186,245,131,North America,35.43,"41,338,595,381"
Brazil,BRA,2010,6.9,154,208,100,South America,72.73,"2,208,871,646,203"
Germany,DEU,2010,13.8,78,101,53,Europe,152.17000000000002,"3,417,094,562,649"
Saint Lucia,LCA,2010,8.4,153,183,122,North America,30.31,"1,381,968,259"
Georgia,GEO,2010,12.2,157,236,81,Asia,34.33,"11,638,536,834"
Australia,AUS,2010,12.4,63,80,46,Oceania,132.64000000000001,"1,144,260,547,873"
Guyana,GUY,2010,8.1,258,305,209,South America,403.07,"2,273,225,042"
New Zealand,NZL,2010,12.0,71,87,55,Oceania,152.62,"146,583,831,538"
Cuba,CUB,2010,11.0,97,119,76,North America,202.13,"64,328,000,000"
El Salvador,SLV,2010,7.1,192,280,113,North America,97.92,"18,447,922,400"
Trinidad and Tobago,TTO,2010,10.7,179,226,129,North America,150.5,"22,157,948,396"
Mexico,MEX,2010,8.0,136,178,93,North America,61.01,"1,057,801,282,051"
Latvia,LVA,2010,12.5,178,262,98,Europe,259.34000000000003,"23,757,368,290"
Maldives,MDV,2010,4.9,71,84,56,Asia,1.99,"2,588,176,055"
Ukraine,UKR,2010,11.3,218,317,121,Europe,263.07,"136,013,155,905"
Lithuania,LTU,2010,11.6,188,281,97,Europe,395.24,"37,120,517,694"
Chile,CHL,2010,9.8,94,123,64,South America,162.88,"218,537,551,220"
Colombia,COL,2010,7.4,146,195,95,South America,67.24,"287,018,184,638"
Argentina,ARG,2010,9.8,119,153,85,South America,111.24,"423,627,422,092"
United Arab Emirates,ARE,2010,9.9,81,88,61,Asia,22.71,"289,787,338,325"
Japan,JPN,2010,11.5,61,81,41,Asia,255.48,"5,700,098,114,744"
Iceland,ISL,2010,10.6,53,67,39,Europe,184.27,"13,310,567,803"
Malta,MLT,2010,10.3,58,75,41,Europe,82.11,"8,741,059,603"
Mauritius,MUS,2010,8.2,162,214,107,Africa,111.83,"10,003,670,690"
Hungary,HUN,2010,11.9,152,213,92,Europe,321.31,"130,922,638,689"
Ireland,IRL,2010,12.2,65,81,49,Europe,120.3,"221,951,354,762"
Cyprus,CYP,2010,11.5,65,87,43,Asia,58.88,"25,562,251,656"
Kazakhstan,KAZ,2010,11.4,243,341,143,Asia,320.81,"148,047,348,241"
Turkey,TUR,2010,6.7,116,155,79,Asia,31.69,"771,901,768,698"
Estonia,EST,2010,12.5,134,203,68,Europe,229.07,"19,490,936,349"
Israel,ISR,2010,12.6,60,77,43,Asia,99.47,"233,609,522,091"
Ecuador,ECU,2010,7.9,134,173,94,South America,81.49,"69,555,367,000"
Jamaica,JAM,2010,8.9,139,172,106,North America,1.16,"13,191,645,686"
Croatia,HRV,2010,10.8,106,147,63,Europe,241.97,"59,829,574,391"
Costa Rica,CRI,2010,8.3,106,139,73,North America,84.35,"37,268,635,287"
Kyrgyzstan,KGZ,2010,10.6,209,292,123,Asia,143.20000000000002,"4,794,357,795"
Italy,ITA,2010,9.7,58,75,41,Europe,80.77,"2,125,058,244,243"
Kuwait,KWT,2010,6.8,84,97,62,Asia,10.040000000000001,"115,419,050,942"
Netherlands,NLD,2010,12.0,64,74,55,Europe,109.49000000000001,"836,389,937,229"
Denmark,DNK,2010,12.7,83,102,62,Europe,130.02,"321,995,350,347"
Luxembourg,LUX,2010,11.8,67,83,50,Europe,141.16,"53,212,476,812"
Canada,CAN,2010,12.6,69,85,52,North America,132.67,"1,613,464,422,811"
Turkmenistan,TKM,2010,9.9,188,250,129,Asia,45.75,"22,583,157,895"
Kuwait,KWT,2011,7.0,84,97,61,Asia,11.41,"154,027,536,232"
Fiji,FJI,2011,9.8,197,243,147,Oceania,106.97,"3,774,530,616"
Turkey,TUR,2011,7.2,114,153,78,Asia,23.07,"832,523,681,194"
Saint Lucia,LCA,2011,8.4,153,179,126,North America,53.32,"1,437,684,815"
Switzerland,CHE,2011,13.3,54,68,40,Europe,168.22,"699,579,638,638"
Bahamas,BHS,2011,11.0,158,198,119,North America,12.99,"10,070,450,000"
Seychelles,SYC,2011,8.4,177,247,96,Africa,51.339999999999996,"1,065,826,670"
Qatar,QAT,2011,8.7,65,70,50,Asia,18.85,"167,775,274,725"
Philippines,PHL,2011,9.0,202,253,147,Asia,44.910000000000004,"224,143,083,707"
Armenia,ARM,2011,11.2,135,202,77,Asia,32.98,"10,142,111,334"
Costa Rica,CRI,2011,8.4,100,129,69,North America,89.83,"42,262,697,840"
Ecuador,ECU,2011,8.0,130,166,94,South America,81.8,"79,276,664,000"
Malta,MLT,2011,10.5,59,76,41,Europe,47.5,"9,507,645,260"
Bahrain,BHR,2011,8.6,66,68,62,Asia,14.96,"28,776,595,745"
Belgium,BEL,2011,11.2,81,101,60,Europe,226.71,"527,008,453,887"
Luxembourg,LUX,2011,11.8,66,81,50,Europe,136.53,"60,004,630,234"
Kyrgyzstan,KGZ,2011,10.6,196,269,122,Asia,126.89,"6,197,766,119"
Grenada,GRD,2011,8.4,150,193,104,North America,20.73,"778,648,667"
Cuba,CUB,2011,11.3,92,112,71,North America,207.05,"68,990,000,000"
Trinidad and Tobago,TTO,2011,10.8,180,229,129,North America,138.69,"25,433,011,405"
Sweden,SWE,2011,12.4,58,71,44,Europe,141.77,"563,109,663,291"
Singapore,SGP,2011,11.2,59,75,43,Asia,116.96000000000001,"275,966,926,379"
Belize,BLZ,2011,10.5,182,226,136,North America,153.3,"1,487,005,600"
Bosnia and Herzegovina,BIH,2011,7.2,100,133,66,Europe,1.31,"18,644,723,861"
El Salvador,SLV,2011,6.5,189,276,111,North America,115.46,"20,283,783,700"
Portugal,PRT,2011,8.3,84,120,49,Europe,127.86,"244,895,101,712"
Finland,FIN,2011,12.3,84,116,51,Europe,203.61,"273,674,236,773"
Maldives,MDV,2011,5.2,66,79,50,Asia,5.39,"2,774,351,760"
Lithuania,LTU,2011,11.8,184,272,96,Europe,407.69,"43,476,873,413"
Ireland,IRL,2011,10.9,67,84,50,Europe,138.58,"239,018,536,582"
Colombia,COL,2011,7.5,140,187,92,South America,62.879999999999995,"335,415,156,702"
Poland,POL,2011,12.3,128,185,70,Europe,183.86,"528,832,185,770"
Germany,DEU,2011,13.9,75,97,53,Europe,152.82,"3,757,698,281,118"
Latvia,LVA,2011,12.6,167,243,94,Europe,288.75,"28,223,552,825"
Iceland,ISL,2011,11.0,51,64,38,Europe,92.95,"14,732,689,535"
Norway,NOR,2011,12.8,66,82,50,Europe,146.49,"498,831,558,926"
South Africa,ZAF,2011,9.9,397,448,350,Africa,9.31,"416,878,162,441"
Greece,GRC,2011,10.3,73,102,44,Europe,48.68,"287,797,822,093"
Suriname,SUR,2011,7.8,191,242,137,South America,353.31,"4,422,276,622"
Austria,AUT,2011,11.8,72,94,49,Europe,211.49,"431,120,310,089"
Estonia,EST,2011,12.5,136,204,70,Europe,229.26,"23,170,239,901"
Canada,CAN,2011,12.7,67,81,52,North America,125.02,"1,788,647,906,048"
Denmark,DNK,2011,12.7,78,96,59,Europe,126.33,"344,003,209,696"
Belarus,BLR,2011,12.0,227,338,115,Europe,299.36,"61,757,788,945"
Nicaragua,NIC,2011,6.1,158,205,113,North America,89.55,"9,774,316,692"
Guyana,GUY,2011,8.2,263,310,214,South America,349.53000000000003,"2,576,024,116"
Spain,ESP,2011,9.5,63,85,41,Europe,88.59,"1,488,067,258,325"
New Zealand,NZL,2011,12.0,71,86,57,Oceania,142.82,"168,461,998,741"
Netherlands,NLD,2011,12.0,64,72,56,Europe,113.08,"893,757,287,202"
Italy,ITA,2011,9.8,58,74,41,Europe,86.08,"2,276,292,404,601"
Bulgaria,BGR,2011,10.7,141,194,86,Europe,133.52,"57,418,414,504"
France,FRA,2011,10.9,83,112,54,Europe,211.18,"2,861,408,170,265"
Turkmenistan,TKM,2011,9.9,190,248,134,Asia,31.63,"29,233,333,333"
Thailand,THA,2011,7.5,158,214,101,Asia,77.59,"370,818,747,397"
Israel,ISR,2011,12.7,59,75,44,Asia,87.41,"261,628,548,084"
Georgia,GEO,2011,12.2,153,229,81,Asia,36.309999999999995,"14,434,619,982"
Jamaica,JAM,2011,9.0,139,170,107,North America,27.86,"14,439,910,353"
Mexico,MEX,2011,8.4,133,175,90,North America,65.52,"1,180,489,563,964"
Paraguay,PRY,2011,7.8,150,169,129,South America,67.83,"25,099,681,461"
Kazakhstan,KAZ,2011,11.5,232,327,136,Asia,293.76,"192,626,507,972"
Australia,AUS,2011,12.5,62,78,46,Oceania,133.22,"1,394,280,784,778"
Cyprus,CYP,2011,11.6,58,74,42,Asia,43.78,"27,427,161,523"
Serbia,SRB,2011,10.6,113,151,74,Europe,243.45,"46,466,728,667"
Hungary,HUN,2011,12.0,147,203,91,Europe,299.85,"140,782,064,609"
Mauritius,MUS,2011,8.5,156,212,97,Africa,120.04,"11,518,393,367"
Romania,ROU,2011,10.8,141,199,82,Europe,138.78,"184,367,381,749"
Japan,JPN,2011,11.8,62,80,44,Asia,252.41,"6,157,459,594,824"
Barbados,BRB,2011,9.9,106,134,79,North America,0.0,"4,660,900,000"
Argentina,ARG,2011,9.8,118,152,84,South America,105.87,"530,163,281,575"
Panama,PAN,2011,9.3,117,152,80,North America,62.730000000000004,"34,686,224,300"
Slovenia,SVN,2011,12.2,82,110,51,Europe,281.66,"51,290,792,018"
Chile,CHL,2011,9.8,90,118,62,South America,160.84,"252,251,992,029"
Guatemala,GTM,2011,5.3,180,235,129,North America,34.69,"47,654,841,113"
Brazil,BRA,2011,7.1,153,206,100,South America,72.41,"2,616,201,578,192"
Ukraine,UKR,2011,11.3,209,305,115,Europe,264.0,"163,159,671,670"
Croatia,HRV,2011,11.0,103,144,62,Europe,221.10999999999999,"62,375,044,443"
Uzbekistan,UZB,2011,10.9,144,182,107,Asia,67.14,"45,915,191,189"
Turkmenistan,TKM,2012,9.8,189,246,135,Asia,30.599999999999998,"35,164,210,526"
Antigua and Barbuda,ATG,2012,9.2,127,151,104,North America,0.0,"1,211,411,704"
Croatia,HRV,2012,11.0,103,144,60,Europe,239.01,"56,565,475,275"
Barbados,BRB,2012,10.5,108,141,78,North America,0.0,"4,656,350,000"
Kyrgyzstan,KGZ,2012,10.7,189,262,116,Asia,140.66,"6,605,139,933"
Serbia,SRB,2012,10.5,111,147,75,Europe,234.53,"40,742,313,861"
Saint Lucia,LCA,2012,8.4,153,179,126,North America,85.03,"1,436,803,333"
Sweden,SWE,2012,12.4,56,68,44,Europe,148.10999999999999,"543,880,647,757"
Romania,ROU,2012,10.9,141,198,82,Europe,142.03,"171,664,638,717"
Seychelles,SYC,2012,8.8,174,244,94,Africa,33.5,"1,059,498,884"
Australia,AUS,2012,12.6,60,75,44,Oceania,139.57,"1,543,411,012,580"
France,FRA,2012,11.0,80,108,52,Europe,198.98,"2,683,825,225,093"
Spain,ESP,2012,9.5,61,82,39,Europe,96.88,"1,336,018,949,806"
Italy,ITA,2012,9.9,57,73,41,Europe,85.45,"2,072,823,157,060"
Denmark,DNK,2012,12.8,75,91,57,Europe,143.21,"327,148,899,962"
Israel,ISR,2012,12.8,58,75,40,Asia,83.79,"257,296,579,579"
Suriname,SUR,2012,7.9,188,238,136,South America,454.11,"4,980,000,000"
South Africa,ZAF,2012,9.8,361,426,298,Africa,13.56,"396,332,702,639"
Georgia,GEO,2012,12.5,157,235,82,Asia,34.88,"15,846,474,596"
Austria,AUT,2012,11.8,68,90,46,Europe,206.63,"409,425,234,155"
Ukraine,UKR,2012,11.3,211,308,117,Europe,268.47,"175,781,379,051"
Kuwait,KWT,2012,7.2,83,96,61,Asia,15.59,"174,070,025,009"
Slovenia,SVN,2012,11.7,81,110,51,Europe,279.74,"46,352,802,766"
Uzbekistan,UZB,2012,11.1,145,184,107,Asia,77.53,"51,821,573,338"
Cyprus,CYP,2012,11.8,55,73,36,Asia,42.9,"25,041,372,222"
Slovakia,SVK,2012,12.3,115,164,66,Europe,129.48,"93,413,992,956"
Kazakhstan,KAZ,2012,11.5,224,316,133,Asia,271.02,"207,998,568,866"
Bahamas,BHS,2012,11.1,163,203,123,North America,11.84,"10,720,500,000"
Germany,DEU,2012,14.0,73,94,51,Europe,148.31,"3,543,983,909,148"
Singapore,SGP,2012,11.3,57,71,44,Asia,141.62,"290,673,681,684"
Finland,FIN,2012,12.4,80,109,51,Europe,187.01,"256,706,466,091"
Cuba,CUB,2012,10.8,96,118,73,North America,204.0,"73,141,000,000"
Ireland,IRL,2012,11.3,66,82,50,Europe,137.66,"225,571,853,194"
Bahrain,BHR,2012,8.8,66,68,61,Asia,8.68,"30,749,308,511"
Japan,JPN,2012,12.0,57,75,39,Asia,233.7,"6,203,213,121,334"
Ecuador,ECU,2012,8.1,127,158,94,South America,84.88,"87,924,544,000"
Estonia,EST,2012,12.5,134,200,68,Europe,241.60999999999999,"23,043,864,510"
Argentina,ARG,2012,9.8,118,152,83,South America,119.82,"545,982,375,701"
Armenia,ARM,2012,11.3,131,194,75,Asia,36.57,"10,619,320,049"
Brazil,BRA,2012,7.3,150,203,97,South America,74.45,"2,465,188,674,415"
Canada,CAN,2012,12.8,68,82,52,North America,127.88,"1,824,288,757,448"
Qatar,QAT,2012,9.2,65,69,49,Asia,13.27,"186,833,516,484"
Turkey,TUR,2012,7.5,112,149,77,Asia,28.400000000000002,"873,982,246,102"
Belize,BLZ,2012,10.5,183,227,136,North America,73.45,"1,573,670,250"
Costa Rica,CRI,2012,8.5,99,128,69,North America,80.76,"46,473,128,286"
Belgium,BEL,2012,11.2,79,100,58,Europe,217.13,"497,884,216,569"
Colombia,COL,2012,7.6,140,186,93,South America,66.45,"369,659,700,376"
Hungary,HUN,2012,12.2,143,197,89,Europe,305.96,"127,856,647,108"
Guatemala,GTM,2012,4.6,173,225,125,North America,41.8,"50,388,454,861"
Portugal,PRT,2012,8.5,81,116,47,Europe,139.4,"216,368,178,659"
Luxembourg,LUX,2012,11.8,63,77,48,Europe,140.18,"56,677,961,787"
Norway,NOR,2012,12.6,60,74,45,Europe,126.0,"510,229,136,227"
Grenada,GRD,2012,8.4,147,190,101,North America,18.009999999999998,"799,882,148"
Mexico,MEX,2012,8.6,131,171,91,North America,63.43,"1,201,090,018,604"
Uruguay,URY,2012,8.5,118,156,81,South America,264.35,"51,264,390,116"
Guyana,GUY,2012,8.3,272,322,219,South America,367.98,"2,861,562,266"
Lithuania,LTU,2012,11.7,180,267,93,Europe,374.12,"42,848,195,256"
El Salvador,SLV,2012,6.7,186,273,109,North America,123.14,"21,386,153,000"
Fiji,FJI,2012,10.1,195,241,145,Oceania,91.58,"3,972,012,571"
Greece,GRC,2012,10.3,72,100,44,Europe,53.32,"245,670,666,639"
Bulgaria,BGR,2012,10.8,137,189,82,Europe,164.17,"53,903,022,339"
Malta,MLT,2012,10.8,57,72,41,Europe,59.87,"9,209,559,296"
Mauritius,MUS,2012,8.6,152,199,102,Africa,114.25,"11,668,685,524"
Paraguay,PRY,2012,7.8,149,168,128,South America,63.3,"24,595,319,574"
Netherlands,NLD,2012,12.0,63,72,54,Europe,118.51,"828,946,812,397"
Chile,CHL,2012,9.9,89,116,61,South America,148.41,"267,122,320,057"
Thailand,THA,2012,7.7,155,212,98,Asia,80.69,"397,558,094,270"
Poland,POL,2012,11.7,126,181,69,Europe,192.37,"500,360,816,828"
New Zealand,NZL,2012,12.1,68,82,54,Oceania,158.03,"176,192,886,551"
Switzerland,CHE,2012,13.4,54,67,40,Europe,165.39,"668,043,614,123"
Iceland,ISL,2012,11.5,50,63,38,Europe,145.41,"14,292,008,745"
Panama,PAN,2012,9.5,116,153,77,North America,55.52,"40,429,734,400"
Nicaragua,NIC,2012,6.3,155,202,111,North America,72.29,"10,532,001,130"
Latvia,LVA,2012,12.6,162,241,86,Europe,267.68,"28,119,996,053"
Panama,PAN,2013,9.7,114,146,80,North America,49.31,"45,599,994,000"
Brazil,BRA,2013,7.4,148,200,96,South America,73.41,"2,472,806,919,902"
Slovenia,SVN,2013,11.7,78,105,48,Europe,283.02,"48,116,256,926"
Chile,CHL,2013,9.9,90,117,62,South America,134.52,"278,384,332,694"
Georgia,GEO,2013,12.6,158,236,82,Asia,55.57,"16,140,047,012"
Japan,JPN,2013,12.2,56,73,38,Asia,231.16,"5,155,717,056,271"
Guatemala,GTM,2013,4.7,172,226,123,North America,40.69,"53,851,058,955"
Mauritius,MUS,2013,8.9,145,193,95,Africa,97.67,"12,129,642,296"
Latvia,LVA,2013,12.7,164,239,92,Europe,242.19,"30,254,677,297"
Austria,AUT,2013,11.9,67,88,45,Europe,212.12,"430,068,712,972"
Bulgaria,BGR,2013,10.9,135,185,82,Europe,134.16,"55,758,754,072"
Australia,AUS,2013,12.6,60,75,45,Oceania,138.78,"1,573,696,522,007"
Denmark,DNK,2013,13.2,72,89,54,Europe,134.55,"343,584,385,594"
Israel,ISR,2013,12.8,59,76,42,Asia,74.21,"292,489,185,194"
Netherlands,NLD,2013,12.1,61,70,51,Europe,125.53,"866,680,000,367"
Spain,ESP,2013,9.5,59,79,39,Europe,101.32,"1,361,854,206,549"
France,FRA,2013,11.2,77,104,51,Europe,192.33,"2,811,077,725,704"
New Zealand,NZL,2013,12.1,66,81,52,Oceania,144.55,"190,785,204,764"
Italy,ITA,2013,10.3,56,71,40,Europe,84.86,"2,130,491,320,659"
Suriname,SUR,2013,8.1,186,232,137,South America,286.8,"5,145,757,576"
Antigua and Barbuda,ATG,2013,9.2,127,146,109,North America,0.0,"1,192,925,407"
Uzbekistan,UZB,2013,11.3,141,179,104,Asia,78.86,"57,690,453,461"
Guyana,GUY,2013,8.3,263,311,212,South America,356.38,"2,990,006,534"
Estonia,EST,2013,12.6,122,176,68,Europe,231.92000000000002,"25,137,153,149"
Canada,CAN,2013,12.9,66,81,51,North America,133.09,"1,842,628,005,830"
South Africa,ZAF,2013,9.9,335,401,270,Africa,14.9,"366,829,390,479"
Argentina,ARG,2013,9.8,116,151,82,South America,103.42,"552,025,140,252"
Mexico,MEX,2013,8.4,127,165,89,North America,64.99,"1,274,443,078,609"
Norway,NOR,2013,12.7,61,75,46,Europe,127.01,"523,502,127,660"
Uruguay,URY,2013,8.5,117,155,79,South America,249.09,"57,531,233,351"
Nicaragua,NIC,2013,6.4,153,199,109,North America,80.97,"10,982,972,256"
Cyprus,CYP,2013,12.0,58,81,35,Asia,64.61,"24,084,572,491"
Kazakhstan,KAZ,2013,11.6,211,299,122,Asia,296.67,"236,634,552,078"
Hungary,HUN,2013,12.0,136,186,87,Europe,266.23,"135,215,704,419"
Seychelles,SYC,2013,9.1,171,241,93,Africa,131.4,"1,328,091,524"
Costa Rica,CRI,2013,8.5,97,126,68,North America,89.26,"49,745,088,112"
Kuwait,KWT,2013,6.7,82,96,60,Asia,9.879999999999999,"174,161,142,454"
Qatar,QAT,2013,9.9,65,69,48,Asia,8.23,"198,727,747,253"
Turkey,TUR,2013,7.7,109,145,75,Asia,35.42,"950,579,413,279"
Lithuania,LTU,2013,11.9,179,267,91,Europe,444.56,"46,417,340,375"
Kyrgyzstan,KGZ,2013,10.7,183,254,112,Asia,109.84,"7,335,027,592"
Serbia,SRB,2013,10.4,107,142,72,Europe,217.73,"45,519,650,911"
Belgium,BEL,2013,11.4,77,95,58,Europe,201.54999999999998,"520,925,468,953"
Greece,GRC,2013,10.4,68,93,43,Europe,55.11,"239,862,011,450"
Iceland,ISL,2013,11.9,53,68,38,Europe,221.24,"15,548,321,544"
Croatia,HRV,2013,11.0,96,132,59,Europe,210.3,"58,085,856,019"
Romania,ROU,2013,10.9,134,188,79,Europe,137.99,"191,549,024,911"
Armenia,ARM,2013,11.4,121,181,69,Asia,37.48,"11,121,465,767"
Barbados,BRB,2013,10.5,101,129,76,North America,0.0,"4,612,500,000"
Sweden,SWE,2013,12.2,56,68,44,Europe,158.20000000000002,"578,742,001,488"
Belarus,BLR,2013,12.0,183,273,95,Europe,273.32,"75,527,984,234"
Saint Lucia,LCA,2013,8.4,149,181,117,North America,114.1,"1,489,928,889"
Turkmenistan,TKM,2013,9.8,196,260,134,Asia,23.29,"39,197,543,860"
Portugal,PRT,2013,8.6,78,113,46,Europe,132.73,"226,073,492,966"
Thailand,THA,2013,7.5,154,211,96,Asia,79.56,"420,333,333,333"
Luxembourg,LUX,2013,11.8,60,76,43,Europe,91.48,"61,739,352,212"
Bahamas,BHS,2013,11.1,166,207,126,North America,13.91,"10,627,600,000"
Ecuador,ECU,2013,8.3,122,152,91,South America,62.88,"95,129,659,000"
Bahrain,BHR,2013,9.0,63,68,53,Asia,2.49,"32,539,547,872"
Germany,DEU,2013,14.0,73,93,51,Europe,153.07999999999998,"3,752,513,503,278"
Switzerland,CHE,2013,13.4,53,67,39,Europe,170.26,"688,504,173,431"
Singapore,SGP,2013,11.4,56,72,40,Asia,137.87,"304,454,327,499"
Colombia,COL,2013,7.8,139,185,93,South America,63.53,"380,191,881,860"
El Salvador,SLV,2013,6.6,184,271,107,North America,116.06,"21,977,401,900"
Paraguay,PRY,2013,8.3,148,168,127,South America,75.39,"28,965,906,502"
Malta,MLT,2013,11.0,57,73,40,Europe,57.22,"10,145,114,180"
Ireland,IRL,2013,11.8,64,80,47,Europe,117.41,"239,389,340,720"
Cuba,CUB,2013,11.0,96,118,72,North America,190.46,"77,148,000,000"
Finland,FIN,2013,12.3,78,105,49,Europe,196.83,"269,980,111,643"
Poland,POL,2013,12.1,121,174,67,Europe,187.59,"524,234,322,597"
Grenada,GRD,2013,8.5,145,188,100,North America,0.0,"842,620,111"
Slovakia,SVK,2013,12.2,111,156,65,Europe,143.91,"98,478,349,315"
Belize,BLZ,2013,10.5,184,227,138,North America,56.4,"1,612,573,850"
Thailand,THA,2014,7.6,151,208,94,Asia,76.96000000000001,"407,339,361,696"
Sweden,SWE,2014,12.3,55,67,43,Europe,149.05,"573,817,719,109"
Turkmenistan,TKM,2014,9.8,199,265,135,Asia,28.15,"43,524,210,526"
Uruguay,URY,2014,8.6,114,150,79,South America,248.64,"57,236,013,086"
Ukraine,UKR,2014,11.3,212,312,113,Europe,250.5,"133,503,411,376"
Suriname,SUR,2014,8.2,184,226,139,South America,357.34000000000003,"5,240,606,061"
Turkey,TUR,2014,7.6,107,142,74,Asia,30.83,"934,185,915,467"
Antigua and Barbuda,ATG,2014,9.2,127,144,111,North America,0.0,"1,280,133,333"
Switzerland,CHE,2014,13.4,50,63,37,Europe,162.1,"709,182,559,935"
Armenia,ARM,2014,11.5,118,180,66,Asia,37.01,"11,609,512,940"
Argentina,ARG,2014,9.8,113,145,80,South America,111.35,"526,319,673,732"
France,FRA,2014,11.4,74,99,50,Europe,179.56,"2,852,165,760,630"
Uzbekistan,UZB,2014,11.3,139,177,102,Asia,85.12,"63,067,077,179"
Luxembourg,LUX,2014,12.0,55,69,39,Europe,147.88,"66,327,344,189"
El Salvador,SLV,2014,6.5,182,269,105,North America,101.84,"22,585,841,200"
Poland,POL,2014,11.3,115,164,64,Europe,178.3,"545,179,584,720"
Belize,BLZ,2014,10.5,183,226,137,North America,90.95,"1,703,951,050"
Iceland,ISL,2014,12.2,55,67,42,Europe,197.96,"17,304,033,021"
Paraguay,PRY,2014,8.2,147,166,126,South America,72.15,"30,881,166,852"
Bosnia and Herzegovina,BIH,2014,9.2,96,126,65,Europe,109.5,"18,558,343,508"
Kyrgyzstan,KGZ,2014,10.8,175,243,106,Asia,111.79,"7,468,096,567"
Panama,PAN,2014,9.9,111,144,77,North America,55.980000000000004,"49,921,464,400"
Brazil,BRA,2014,7.4,145,196,93,South America,73.13,"2,455,993,625,159"
Ecuador,ECU,2014,8.5,119,149,89,South America,66.02,"101,726,331,000"
Ireland,IRL,2014,12.3,62,78,46,Europe,119.68,"258,099,014,042"
Oman,OMN,2014,9.3,100,113,71,Asia,1.51,"81,076,723,017"
Israel,ISR,2014,12.9,58,74,42,Asia,71.25999999999999,"308,416,982,140"
Norway,NOR,2014,12.5,57,69,43,Europe,127.22999999999999,"499,338,534,779"
Kazakhstan,KAZ,2014,11.7,199,280,119,Asia,257.09,"221,415,572,820"
Nicaragua,NIC,2014,6.5,150,196,107,North America,71.4,"11,880,438,824"
Bulgaria,BGR,2014,10.9,141,191,88,Europe,139.77,"56,731,990,232"
Colombia,COL,2014,8.0,139,185,92,South America,66.62,"378,195,716,714"
Denmark,DNK,2014,12.8,68,85,51,Europe,137.73,"352,993,633,221"
Netherlands,NLD,2014,12.1,59,67,51,Europe,121.42,"879,635,084,125"
Italy,ITA,2014,10.1,54,68,39,Europe,82.13,"2,151,732,868,243"
Malta,MLT,2014,11.1,53,69,36,Europe,102.08,"11,234,045,376"
Australia,AUS,2014,12.7,61,77,45,Oceania,149.07,"1,464,955,475,994"
Mexico,MEX,2014,8.4,129,167,91,North America,68.38,"1,314,385,330,073"
Cyprus,CYP,2014,11.9,61,79,44,Asia,57.1,"23,359,294,149"
Japan,JPN,2014,12.5,54,70,38,Asia,218.21,"4,850,413,536,038"
Mauritius,MUS,2014,9.1,148,194,99,Africa,115.45,"12,803,445,934"
Portugal,PRT,2014,8.9,77,110,45,Europe,153.89000000000001,"229,629,822,122"
Belgium,BEL,2014,11.5,73,91,54,Europe,201.85,"530,770,977,634"
Hungary,HUN,2014,11.8,133,183,85,Europe,244.31,"140,118,140,455"
Georgia,GEO,2014,12.6,155,231,81,Asia,74.49,"16,509,305,828"
Spain,ESP,2014,9.7,58,77,38,Europe,104.35000000000001,"1,376,910,811,041"
Croatia,HRV,2014,11.1,94,130,57,Europe,222.04,"57,629,518,806"
South Africa,ZAF,2014,10.0,316,377,258,Africa,15.08,"350,904,575,292"
Austria,AUT,2014,12.1,65,84,45,Europe,209.82,"441,885,415,806"
Latvia,LVA,2014,12.9,159,234,86,Europe,248.81,"31,335,013,752"
Finland,FIN,2014,12.4,73,100,45,Europe,177.16,"272,609,288,690"
Germany,DEU,2014,14.0,70,90,49,Europe,153.04,"3,890,606,893,347"
Slovenia,SVN,2014,11.9,70,94,44,Europe,240.37,"49,904,928,335"
Slovakia,SVK,2014,12.3,109,155,62,Europe,132.82,"100,948,236,941"
Kuwait,KWT,2014,6.9,81,95,59,Asia,15.86,"162,631,412,509"
Greece,GRC,2014,10.5,67,92,42,Europe,59.82,"237,029,579,261"
Singapore,SGP,2014,11.4,55,69,40,Asia,131.78,"311,539,499,645"
Qatar,QAT,2014,9.8,64,68,48,Asia,18.99,"206,224,725,275"
Cuba,CUB,2014,11.2,95,119,71,North America,184.63,"80,656,100,000"
Bahrain,BHR,2014,9.1,62,68,50,Asia,6.5200000000000005,"33,387,712,766"
Grenada,GRD,2014,8.6,143,186,98,North America,0.0,"911,481,481"
Serbia,SRB,2014,10.7,106,140,72,Europe,216.78,"44,210,806,366"
Saint Lucia,LCA,2014,8.7,145,179,112,North America,91.56,"1,551,921,037"
Belarus,BLR,2014,12.1,175,261,90,Europe,252.91,"78,813,839,984"
Lithuania,LTU,2014,13.0,167,250,85,Europe,401.27,"48,516,371,721"
Guatemala,GTM,2014,6.4,169,218,124,North America,45.88,"58,722,323,918"
Costa Rica,CRI,2014,8.6,95,125,65,North America,70.85,"50,577,769,838"
Romania,ROU,2014,10.9,140,196,82,Europe,131.03,"199,493,490,983"
Estonia,EST,2014,12.6,124,183,65,Europe,258.91,"26,224,622,451"
Seychelles,SYC,2014,9.4,168,238,92,Africa,43.33,"1,342,997,306"
Chile,CHL,2014,10.1,88,116,60,South America,137.37,"260,584,090,571"
Kazakhstan,KAZ,2015,11.7,192,272,114,Asia,238.01999999999998,"184,388,432,149"
Antigua and Barbuda,ATG,2015,9.2,122,140,105,North America,15.62,"1,364,863,037"
Cuba,CUB,2015,11.4,94,118,70,North America,194.31,"87,132,800,000"
Japan,JPN,2015,12.5,53,68,36,Asia,206.04,"4,394,977,752,878"
Iceland,ISL,2015,12.2,54,68,40,Europe,140.65,"16,942,247,374"
Italy,ITA,2015,10.2,55,70,40,Europe,78.45,"1,832,868,490,534"
Ukraine,UKR,2015,11.3,188,276,102,Europe,244.72,"91,030,959,455"
Denmark,DNK,2015,12.5,66,81,51,Europe,121.42,"301,298,464,861"
Israel,ISR,2015,13.0,58,75,41,Asia,65.91,"299,093,839,690"
Ecuador,ECU,2015,8.4,117,146,88,South America,97.39,"99,290,381,000"
Hungary,HUN,2015,11.8,132,179,86,Europe,257.27,"122,879,042,002"
Estonia,EST,2015,12.7,116,169,63,Europe,205.38,"22,566,956,982"
Guatemala,GTM,2015,6.3,165,213,120,North America,44.85,"63,767,597,194"
Uruguay,URY,2015,8.7,114,149,80,South America,270.02,"53,274,304,222"
Grenada,GRD,2015,8.7,141,184,97,North America,0.0,"997,007,926"
Greece,GRC,2015,10.6,68,92,42,Europe,56.06,"195,541,761,243"
Germany,DEU,2015,14.1,71,92,50,Europe,150.34,"3,375,611,100,742"
Finland,FIN,2015,12.4,70,94,44,Europe,161.19,"232,464,833,066"
Georgia,GEO,2015,12.7,156,232,82,Asia,84.67999999999999,"13,993,546,732"
Cyprus,CYP,2015,11.9,57,75,38,Asia,49.589999999999996,"19,676,167,240"
Kyrgyzstan,KGZ,2015,10.8,167,229,106,Asia,98.37,"6,678,178,340"
Australia,AUS,2015,12.8,62,79,46,Oceania,154.18,"1,349,034,029,453"
Malta,MLT,2015,11.2,55,70,39,Europe,78.27,"10,574,026,838"
Serbia,SRB,2015,11.0,106,140,72,Europe,205.97,"37,160,332,465"
Armenia,ARM,2015,11.6,121,182,69,Asia,45.28,"10,553,337,673"
Romania,ROU,2015,10.9,136,191,79,Europe,133.54999999999998,"177,911,101,680"
Seychelles,SYC,2015,9.5,166,236,91,Africa,81.25,"1,375,604,279"
Qatar,QAT,2015,9.8,63,67,47,Asia,18.84,"164,641,483,516"
Belgium,BEL,2015,11.7,72,89,54,Europe,196.66,"455,039,563,133"
Poland,POL,2015,12.1,115,165,63,Europe,166.99,"477,355,617,456"
Belize,BLZ,2015,10.5,182,226,135,North America,135.46,"1,778,567,600"
Switzerland,CHE,2015,13.4,50,62,37,Europe,164.66,"679,289,166,858"
Turkmenistan,TKM,2015,9.8,198,262,136,Asia,28.48,"35,799,628,571"
Panama,PAN,2015,9.9,112,146,77,North America,44.9,"54,315,722,500"
Brazil,BRA,2015,7.6,145,196,93,South America,77.45,"1,802,214,373,741"
Argentina,ARG,2015,9.8,113,145,80,South America,112.13,"594,749,285,413"
Norway,NOR,2015,12.5,54,65,42,Europe,136.43,"386,663,139,403"
Nicaragua,NIC,2015,6.5,148,193,105,North America,69.87,"12,611,087,031"
Singapore,SGP,2015,11.5,54,67,40,Asia,109.28999999999999,"304,097,759,674"
Colombia,COL,2015,8.1,138,183,92,South America,70.39999999999999,"291,519,591,533"
Croatia,HRV,2015,11.2,96,132,59,Europe,229.68,"49,425,513,611"
Latvia,LVA,2015,12.8,154,227,83,Europe,251.47,"26,972,863,394"
Turkey,TUR,2015,7.8,106,141,72,Asia,28.47,"859,796,872,794"
Lithuania,LTU,2015,13.0,165,247,85,Europe,385.48,"41,508,609,233"
Spain,ESP,2015,9.7,58,77,39,Europe,97.38000000000001,"1,197,789,902,774"
Luxembourg,LUX,2015,12.0,52,69,33,Europe,134.4,"57,784,495,265"
Netherlands,NLD,2015,12.1,58,66,50,Europe,126.93,"757,999,453,314"
Sweden,SWE,2015,12.4,54,67,40,Europe,149.3,"497,918,109,302"
Mauritius,MUS,2015,9.1,148,195,98,Africa,99.97,"11,692,287,066"
South Africa,ZAF,2015,10.1,305,362,250,Africa,13.0,"317,741,039,198"
Mexico,MEX,2015,8.6,128,167,90,North America,66.57,"1,169,622,672,463"
Austria,AUT,2015,12.1,64,84,44,Europe,194.62,"382,065,930,308"
Slovenia,SVN,2015,12.0,74,101,45,Europe,264.81,"43,072,415,017"
Thailand,THA,2015,7.6,149,205,92,Asia,81.15,"401,399,422,443"
Chile,CHL,2015,10.3,88,115,60,South America,147.68,"243,999,477,738"
Armenia,ARM,2016,11.7,116,176,65,Asia,40.56,"10,546,135,160"
Austria,AUT,2016,12.1,62,80,44,Europe,183.23,"390,799,991,147"
Romania,ROU,2016,11.0,135,191,77,Europe,116.33,"187,805,922,349"
Croatia,HRV,2016,11.3,88,124,51,Europe,213.56,"51,338,524,831"
Sweden,SWE,2016,12.4,52,64,40,Europe,138.84,"514,459,972,806"
Qatar,QAT,2016,9.8,62,66,47,Asia,16.43,"152,451,923,077"
Hungary,HUN,2016,11.9,126,173,79,Europe,241.34,"125,816,640,421"
Netherlands,NLD,2016,12.1,59,66,52,Europe,127.39,"777,227,541,581"
Thailand,THA,2016,7.6,147,203,91,Asia,77.32,"411,755,164,833"
Mongolia,MNG,2016,10.1,211,294,127,Asia,184.39,"11,183,458,131"
Cyprus,CYP,2016,12.1,55,73,37,Asia,47.15,"20,153,871,681"
Mauritius,MUS,2016,9.3,145,194,94,Africa,99.3,"12,232,463,656"
Lithuania,LTU,2016,13.0,155,231,79,Europe,361.72,"42,773,029,835"
Grenada,GRD,2016,8.7,140,183,96,North America,0.0,"1,056,188,593"
Iceland,ISL,2016,12.4,55,67,42,Europe,138.07,"20,304,098,101"
